Fecha,CodigoFecha,SBS
02Ene97,1,2.614
03Ene97,2,2.62
06Ene97,3,2.628
07Ene97,4,2.635
08Ene97,5,2.636
09Ene97,6,2.631
10Ene97,7,2.626
13Ene97,8,2.626
14Ene97,9,2.627
15Ene97,10,2.625
16Ene97,11,2.622
17Ene97,12,2.621
20Ene97,13,2.627
21Ene97,14,2.623
22Ene97,15,2.626
23Ene97,16,2.631
24Ene97,17,2.632
27Ene97,18,2.639
28Ene97,19,2.64
29Ene97,20,2.639
30Ene97,21,2.643
31Ene97,22,2.646
03Feb97,23,2.655
04Feb97,24,2.651
05Feb97,25,2.651
06Feb97,26,2.644
07Feb97,27,2.641
10Feb97,28,2.645
11Feb97,29,2.643
12Feb97,30,2.642
13Feb97,31,2.641
14Feb97,32,2.636
17Feb97,33,2.634
18Feb97,34,2.632
19Feb97,35,2.631
20Feb97,36,2.63
21Feb97,37,2.634
24Feb97,38,2.641
25Feb97,39,2.646
26Feb97,40,2.649
27Feb97,41,2.652
28Feb97,42,2.651
03Mar97,43,2.648
04Mar97,44,2.639
05Mar97,45,2.635
06Mar97,46,2.629
07Mar97,47,2.628
10Mar97,48,2.628
11Mar97,49,2.628
12Mar97,50,2.628
13Mar97,51,2.634
14Mar97,52,2.635
17Mar97,53,2.634
18Mar97,54,2.633
19Mar97,55,2.636
20Mar97,56,2.644
21Mar97,57,2.644
24Mar97,58,2.642
25Mar97,59,2.647
26Mar97,60,2.644
27Mar97,61,2.646
28Mar97,62,2.648
31Mar97,63,2.65
01Abr97,64,2.66
02Abr97,65,2.657
03Abr97,66,2.659
04Abr97,67,2.666
07Abr97,68,2.671
08Abr97,69,2.67
09Abr97,70,2.669
10Abr97,71,2.667
11Abr97,72,2.662
14Abr97,73,2.666
15Abr97,74,2.662
16Abr97,75,2.663
17Abr97,76,2.664
18Abr97,77,2.665
21Abr97,78,2.669
22Abr97,79,2.667
23Abr97,80,2.665
24Abr97,81,2.665
25Abr97,82,2.664
28Abr97,83,2.668
29Abr97,84,2.668
30Abr97,85,2.668
01May97,86,2.6
02May97,87,2.667
05May97,88,2.671
06May97,89,2.669
07May97,90,2.665
08May97,91,2.666
09May97,92,2.669
12May97,93,2.675
13May97,94,2.671
14May97,95,2.669
15May97,96,2.664
16May97,97,2.665
19May97,98,2.664
20May97,99,2.661
21May97,100,2.666
22May97,101,2.668
23May97,102,2.667
26May97,103,2.667
27May97,104,2.666
28May97,105,2.667
29May97,106,2.667
30May97,107,2.669
02Jun97,108,2.672
03Jun97,109,2.663
04Jun97,110,2.662
05Jun97,111,2.665
06Jun97,112,2.663
09Jun97,113,2.662
10Jun97,114,2.66
11Jun97,115,2.661
12Jun97,116,2.661
13Jun97,117,2.662
16Jun97,118,2.661
17Jun97,119,2.658
18Jun97,120,2.656
19Jun97,121,2.652
20Jun97,122,2.652
23Jun97,123,2.657
24Jun97,124,2.657
25Jun97,125,2.654
26Jun97,126,2.65
27Jun97,127,2.651
30Jun97,128,2.656
01Jul97,129,2.655
02Jul97,130,2.653
03Jul97,131,2.65
04Jul97,132,2.652
07Jul97,133,2.653
08Jul97,134,2.654
09Jul97,135,2.657
10Jul97,136,2.656
11Jul97,137,2.652
14Jul97,138,2.652
15Jul97,139,2.651
16Jul97,140,2.653
17Jul97,141,2.659
18Jul97,142,2.659
21Jul97,143,2.653
22Jul97,144,2.653
23Jul97,145,2.652
24Jul97,146,2.655
25Jul97,147,2.655
28Jul97,148,2.6
29Jul97,149,2.6
30Jul97,150,2.663
31Jul97,151,2.658
01Ago97,152,2.656
04Ago97,153,2.655
05Ago97,154,2.656
06Ago97,155,2.659
07Ago97,156,2.666
08Ago97,157,2.661
11Ago97,158,2.659
12Ago97,159,2.657
13Ago97,160,2.655
14Ago97,161,2.652
15Ago97,162,2.649
18Ago97,163,2.651
19Ago97,164,2.654
20Ago97,165,2.655
21Ago97,166,2.655
22Ago97,167,2.654
25Ago97,168,2.659
26Ago97,169,2.66
27Ago97,170,2.657
28Ago97,171,2.658
29Ago97,172,2.658
01Set97,173,2.659
02Set97,174,2.658
03Set97,175,2.657
04Set97,176,2.655
05Set97,177,2.65
08Set97,178,2.65
09Set97,179,2.649
10Set97,180,2.647
11Set97,181,2.646
12Set97,182,2.636
15Set97,183,2.64
16Set97,184,2.641
17Set97,185,2.644
18Set97,186,2.641
19Set97,187,2.639
22Set97,188,2.641
23Set97,189,2.642
24Set97,190,2.644
25Set97,191,2.646
26Set97,192,2.647
29Set97,193,2.651
30Set97,194,2.654
01Oct97,195,2.646
02Oct97,196,2.64
03Oct97,197,2.64
06Oct97,198,2.643
07Oct97,199,2.647
08Oct97,200,2.6
09Oct97,201,2.65
10Oct97,202,2.654
13Oct97,203,2.656
14Oct97,204,2.651
15Oct97,205,2.649
16Oct97,206,2.65
17Oct97,207,2.65
20Oct97,208,2.654
21Oct97,209,2.658
22Oct97,210,2.667
23Oct97,211,2.669
24Oct97,212,2.677
27Oct97,213,2.697
28Oct97,214,2.725
29Oct97,215,2.695
30Oct97,216,2.714
31Oct97,217,2.714
03Nov97,218,2.709
04Nov97,219,2.708
05Nov97,220,2.715
06Nov97,221,2.717
07Nov97,222,2.726
10Nov97,223,2.729
11Nov97,224,2.733
12Nov97,225,2.738
13Nov97,226,2.736
14Nov97,227,2.733
17Nov97,228,2.726
18Nov97,229,2.724
19Nov97,230,2.717
20Nov97,231,2.714
21Nov97,232,2.715
24Nov97,233,2.72
25Nov97,234,2.73
26Nov97,235,2.726
27Nov97,236,2.725
28Nov97,237,2.723
01Dic97,238,2.726
02Dic97,239,2.722
03Dic97,240,2.719
04Dic97,241,2.718
05Dic97,242,2.716
08Dic97,243,2.6
09Dic97,244,2.718
10Dic97,245,2.715
11Dic97,246,2.718
12Dic97,247,2.715
15Dic97,248,2.715
16Dic97,249,2.716
17Dic97,250,2.712
18Dic97,251,2.713
19Dic97,252,2.717
22Dic97,253,2.718
23Dic97,254,2.72
24Dic97,255,2.725
25Dic97,256,2.6
26Dic97,257,2.723
29Dic97,258,2.73
30Dic97,259,2.734
31Dic97,260,2.73
01Ene98,261,2.6
02Ene98,262,2.726
05Ene98,263,2.728
06Ene98,264,2.731
07Ene98,265,2.734
08Ene98,266,2.741
09Ene98,267,2.738
12Ene98,268,2.75
13Ene98,269,2.742
14Ene98,270,2.744
15Ene98,271,2.743
16Ene98,272,2.741
19Ene98,273,2.737
20Ene98,274,2.741
21Ene98,275,2.748
22Ene98,276,2.753
23Ene98,277,2.752
26Ene98,278,2.763
27Ene98,279,2.765
28Ene98,280,2.763
29Ene98,281,2.768
30Ene98,282,2.773
02Feb98,283,2.787
03Feb98,284,2.786
04Feb98,285,2.786
05Feb98,286,2.798
06Feb98,287,2.806
09Feb98,288,2.806
10Feb98,289,2.81
11Feb98,290,2.799
12Feb98,291,2.784
13Feb98,292,2.787
16Feb98,293,2.794
17Feb98,294,2.79
18Feb98,295,2.796
19Feb98,296,2.805
20Feb98,297,2.807
23Feb98,298,2.817
24Feb98,299,2.823
25Feb98,300,2.816
26Feb98,301,2.817
27Feb98,302,2.815
02Mar98,303,2.819
03Mar98,304,2.818
04Mar98,305,2.817
05Mar98,306,2.812
06Mar98,307,2.809
09Mar98,308,2.802
10Mar98,309,2.794
11Mar98,310,2.797
12Mar98,311,2.803
13Mar98,312,2.806
16Mar98,313,2.804
17Mar98,314,2.799
18Mar98,315,2.797
19Mar98,316,2.795
20Mar98,317,2.803
23Mar98,318,2.812
24Mar98,319,2.818
25Mar98,320,2.821
26Mar98,321,2.817
27Mar98,322,2.817
30Mar98,323,2.819
31Mar98,324,2.81
01Abr98,325,2.808
02Abr98,326,2.814
03Abr98,327,2.816
06Abr98,328,2.817
07Abr98,329,2.815
08Abr98,330,2.815
09Abr98,331,2.6
10Abr98,332,2.6
13Abr98,333,2.818
14Abr98,334,2.822
15Abr98,335,2.821
16Abr98,336,2.826
17Abr98,337,2.823
20Abr98,338,2.82
21Abr98,339,2.824
22Abr98,340,2.828
23Abr98,341,2.832
24Abr98,342,2.83
27Abr98,343,2.831
28Abr98,344,2.823
29Abr98,345,2.829
30Abr98,346,2.828
01May98,347,2.6
04May98,348,2.836
05May98,349,2.837
06May98,350,2.84
07May98,351,2.842
08May98,352,2.842
11May98,353,2.844
12May98,354,2.844
13May98,355,2.843
14May98,356,2.842
15May98,357,2.843
18May98,358,2.845
19May98,359,2.846
20May98,360,2.844
21May98,361,2.844
22May98,362,2.844
25May98,363,2.846
26May98,364,2.849
27May98,365,2.856
28May98,366,2.862
29May98,367,2.863
01Jun98,368,2.872
02Jun98,369,2.87
03Jun98,370,2.869
04Jun98,371,2.879
05Jun98,372,2.891
08Jun98,373,2.897
09Jun98,374,2.892
10Jun98,375,2.896
11Jun98,376,2.898
12Jun98,377,2.908
15Jun98,378,2.924
16Jun98,379,2.924
17Jun98,380,2.915
18Jun98,381,2.911
19Jun98,382,2.917
22Jun98,383,2.934
23Jun98,384,2.935
24Jun98,385,2.954
25Jun98,386,2.938
26Jun98,387,2.93
29Jun98,388,2.6
30Jun98,389,2.931
01Jul98,390,2.933
02Jul98,391,2.935
03Jul98,392,2.926
06Jul98,393,2.932
07Jul98,394,2.931
08Jul98,395,2.929
09Jul98,396,2.927
10Jul98,397,2.924
13Jul98,398,2.922
14Jul98,399,2.917
15Jul98,400,2.911
16Jul98,401,2.915
17Jul98,402,2.908
20Jul98,403,2.909
21Jul98,404,2.912
22Jul98,405,2.91
23Jul98,406,2.922
24Jul98,407,2.92
27Jul98,408,2.925
28Jul98,409,2.6
29Jul98,410,2.6
30Jul98,411,2.93
31Jul98,412,2.932
03Ago98,413,2.936
04Ago98,414,2.939
05Ago98,415,2.943
06Ago98,416,2.952
07Ago98,417,2.954
10Ago98,418,2.954
11Ago98,419,2.958
12Ago98,420,2.962
13Ago98,421,2.958
14Ago98,422,2.951
17Ago98,423,2.952
18Ago98,424,2.951
19Ago98,425,2.947
20Ago98,426,2.953
21Ago98,427,2.969
24Ago98,428,2.971
25Ago98,429,2.966
26Ago98,430,2.979
27Ago98,431,3.006
28Ago98,432,3.018
31Ago98,433,3.023
01Set98,434,3.051
02Set98,435,3.039
03Set98,436,3.057
04Set98,437,3.054
07Set98,438,3.052
08Set98,439,3.057
09Set98,440,3.055
10Set98,441,3.069
11Set98,442,3.067
14Set98,443,3.054
15Set98,444,3.033
16Set98,445,3.03
17Set98,446,3.046
18Set98,447,3.021
21Set98,448,3.033
22Set98,449,3.027
23Set98,450,3.03
24Set98,451,3.037
25Set98,452,3.041
28Set98,453,3.048
29Set98,454,3.05
30Set98,455,3.04
01Oct98,456,3.062
02Oct98,457,3.045
05Oct98,458,3.043
06Oct98,459,3.039
07Oct98,460,3.043
08Oct98,461,2.6
09Oct98,462,3.055
12Oct98,463,3.061
13Oct98,464,3.057
14Oct98,465,3.054
15Oct98,466,3.044
16Oct98,467,3.048
19Oct98,468,3.044
20Oct98,469,3.041
21Oct98,470,3.047
22Oct98,471,3.049
23Oct98,472,3.051
26Oct98,473,2.6
27Oct98,474,3.059
28Oct98,475,3.065
29Oct98,476,3.077
30Oct98,477,3.072
02Nov98,478,3.08
03Nov98,479,3.09
04Nov98,480,3.081
05Nov98,481,3.084
06Nov98,482,3.082
09Nov98,483,3.088
10Nov98,484,3.095
11Nov98,485,3.093
12Nov98,486,3.095
13Nov98,487,3.096
16Nov98,488,3.096
17Nov98,489,3.092
18Nov98,490,3.09
19Nov98,491,3.094
20Nov98,492,3.094
23Nov98,493,3.095
24Nov98,494,3.107
25Nov98,495,3.114
26Nov98,496,3.118
27Nov98,497,3.123
30Nov98,498,3.114
01Dic98,499,3.126
02Dic98,500,3.13
03Dic98,501,3.149
04Dic98,502,3.147
07Dic98,503,3.138
08Dic98,504,2.6
09Dic98,505,3.134
10Dic98,506,3.145
11Dic98,507,3.146
14Dic98,508,3.14
15Dic98,509,3.134
16Dic98,510,3.133
17Dic98,511,3.134
18Dic98,512,3.13
21Dic98,513,3.13
22Dic98,514,3.137
23Dic98,515,3.131
24Dic98,516,3.131
25Dic98,517,2.6
28Dic98,518,3.14
29Dic98,519,3.149
30Dic98,520,3.157
31Dic98,521,3.159
01Ene99,522,2.6
04Ene99,523,3.162
05Ene99,524,3.171
06Ene99,525,3.182
07Ene99,526,3.187
08Ene99,527,3.195
11Ene99,528,3.197
12Ene99,529,3.202
13Ene99,530,3.251
14Ene99,531,3.289
15Ene99,532,3.291
18Ene99,533,3.244
19Ene99,534,3.252
20Ene99,535,3.253
21Ene99,536,3.269
22Ene99,537,3.28
25Ene99,538,3.298
26Ene99,539,3.326
27Ene99,540,3.332
28Ene99,541,3.341
29Ene99,542,3.358
01Feb99,543,3.372
02Feb99,544,3.376
03Feb99,545,3.397
04Feb99,546,3.394
05Feb99,547,3.39
08Feb99,548,3.39
09Feb99,549,3.393
10Feb99,550,3.383
11Feb99,551,3.391
12Feb99,552,3.399
15Feb99,553,3.391
16Feb99,554,3.381
17Feb99,555,3.385
18Feb99,556,3.389
19Feb99,557,3.395
22Feb99,558,3.409
23Feb99,559,3.424
24Feb99,560,3.424
25Feb99,561,3.444
26Feb99,562,3.443
01Mar99,563,3.417
02Mar99,564,3.396
03Mar99,565,3.396
04Mar99,566,3.405
05Mar99,567,3.412
08Mar99,568,3.415
09Mar99,569,3.406
10Mar99,570,3.404
11Mar99,571,3.398
12Mar99,572,3.376
15Mar99,573,3.355
16Mar99,574,3.354
17Mar99,575,3.376
18Mar99,576,3.357
19Mar99,577,3.352
22Mar99,578,3.365
23Mar99,579,3.389
24Mar99,580,3.396
25Mar99,581,3.385
26Mar99,582,3.378
29Mar99,583,3.363
30Mar99,584,3.348
31Mar99,585,3.338
01Abr99,586,2.6
02Abr99,587,2.6
05Abr99,588,3.349
06Abr99,589,3.356
07Abr99,590,3.37
08Abr99,591,3.368
09Abr99,592,3.364
12Abr99,593,3.364
13Abr99,594,3.361
14Abr99,595,3.347
15Abr99,596,3.349
16Abr99,597,3.351
19Abr99,598,3.346
20Abr99,599,3.343
21Abr99,600,3.348
22Abr99,601,3.349
23Abr99,602,3.348
26Abr99,603,3.352
27Abr99,604,3.346
28Abr99,605,3.336
29Abr99,606,3.346
30Abr99,607,3.34
03May99,608,3.335
04May99,609,3.329
05May99,610,3.333
06May99,611,3.339
07May99,612,3.342
10May99,613,3.337
11May99,614,3.327
12May99,615,3.329
13May99,616,3.324
14May99,617,3.327
17May99,618,3.331
18May99,619,3.324
19May99,620,3.328
20May99,621,3.326
21May99,622,3.333
24May99,623,3.339
25May99,624,3.356
26May99,625,3.344
27May99,626,3.334
28May99,627,3.332
31May99,628,3.336
01Jun99,629,3.336
02Jun99,630,3.339
03Jun99,631,3.337
04Jun99,632,3.339
07Jun99,633,3.339
08Jun99,634,3.344
09Jun99,635,3.347
10Jun99,636,3.35
11Jun99,637,3.347
14Jun99,638,3.342
15Jun99,639,3.339
16Jun99,640,3.337
17Jun99,641,3.334
18Jun99,642,3.336
21Jun99,643,3.34
22Jun99,644,3.338
23Jun99,645,3.34
24Jun99,646,3.343
25Jun99,647,3.341
28Jun99,648,3.342
29Jun99,649,2.6
30Jun99,650,3.337
01Jul99,651,3.338
02Jul99,652,3.331
05Jul99,653,3.328
06Jul99,654,3.325
07Jul99,655,3.327
08Jul99,656,3.322
09Jul99,657,3.323
12Jul99,658,3.325
13Jul99,659,3.329
14Jul99,660,3.322
15Jul99,661,3.317
16Jul99,662,3.315
19Jul99,663,3.315
20Jul99,664,3.319
21Jul99,665,3.318
22Jul99,666,3.324
23Jul99,667,3.323
26Jul99,668,3.333
27Jul99,669,3.332
28Jul99,670,2.6
29Jul99,671,2.6
30Jul99,672,3.338
02Ago99,673,3.339
03Ago99,674,3.353
04Ago99,675,3.349
05Ago99,676,3.355
06Ago99,677,3.359
09Ago99,678,3.368
10Ago99,679,3.385
11Ago99,680,3.372
12Ago99,681,3.361
13Ago99,682,3.361
16Ago99,683,3.362
17Ago99,684,3.361
18Ago99,685,3.37
19Ago99,686,3.369
20Ago99,687,3.369
23Ago99,688,3.357
24Ago99,689,3.364
25Ago99,690,3.368
26Ago99,691,3.371
27Ago99,692,3.374
30Ago99,693,2.6
31Ago99,694,3.385
01Set99,695,3.389
02Set99,696,3.402
03Set99,697,3.399
06Set99,698,3.396
07Set99,699,3.415
08Set99,700,3.416
09Set99,701,3.411
10Set99,702,3.404
13Set99,703,3.398
14Set99,704,3.406
15Set99,705,3.408
16Set99,706,3.417
17Set99,707,3.416
20Set99,708,3.421
21Set99,709,3.423
22Set99,710,3.423
23Set99,711,3.432
24Set99,712,3.44
27Set99,713,3.449
28Set99,714,3.466
29Set99,715,3.461
30Set99,716,3.463
01Oct99,717,3.468
04Oct99,718,3.474
05Oct99,719,3.476
06Oct99,720,3.47
07Oct99,721,3.462
08Oct99,722,2.6
11Oct99,723,3.46
12Oct99,724,3.465
13Oct99,725,3.469
14Oct99,726,3.476
15Oct99,727,3.481
18Oct99,728,3.476
19Oct99,729,3.475
20Oct99,730,3.477
21Oct99,731,3.472
22Oct99,732,3.468
25Oct99,733,3.476
26Oct99,734,3.473
27Oct99,735,3.485
28Oct99,736,3.489
29Oct99,737,3.493
01Nov99,738,2.6
02Nov99,739,3.489
03Nov99,740,3.489
04Nov99,741,3.493
05Nov99,742,3.491
08Nov99,743,3.488
09Nov99,744,3.485
10Nov99,745,3.486
11Nov99,746,3.479
12Nov99,747,3.475
15Nov99,748,3.469
16Nov99,749,3.472
17Nov99,750,3.478
18Nov99,751,3.473
19Nov99,752,3.469
22Nov99,753,3.478
23Nov99,754,3.484
24Nov99,755,3.489
25Nov99,756,3.494
26Nov99,757,3.492
29Nov99,758,3.493
30Nov99,759,3.49
01Dic99,760,3.491
02Dic99,761,3.485
03Dic99,762,3.481
06Dic99,763,3.476
07Dic99,764,3.479
08Dic99,765,2.6
09Dic99,766,3.472
10Dic99,767,3.47
13Dic99,768,3.47
14Dic99,769,3.469
15Dic99,770,3.464
16Dic99,771,3.472
17Dic99,772,3.471
20Dic99,773,3.484
21Dic99,774,3.491
22Dic99,775,3.491
23Dic99,776,3.491
24Dic99,777,3.498
27Dic99,778,3.502
28Dic99,779,3.504
29Dic99,780,3.507
30Dic99,781,3.511
31Dic99,782,3.51
03Ene00,783,3.516
04Ene00,784,3.527
05Ene00,785,3.52
06Ene00,786,3.508
07Ene00,787,3.513
10Ene00,788,3.511
11Ene00,789,3.508
12Ene00,790,3.509
13Ene00,791,3.507
14Ene00,792,3.494
17Ene00,793,3.487
18Ene00,794,3.492
19Ene00,795,3.498
20Ene00,796,3.505
21Ene00,797,3.5
24Ene00,798,3.497
25Ene00,799,3.493
26Ene00,800,3.495
27Ene00,801,3.481
28Ene00,802,3.48
31Ene00,803,3.492
01Feb00,804,3.472
02Feb00,805,3.474
03Feb00,806,3.472
04Feb00,807,3.479
07Feb00,808,3.475
08Feb00,809,3.463
09Feb00,810,3.451
10Feb00,811,3.445
11Feb00,812,3.447
14Feb00,813,3.439
15Feb00,814,3.431
16Feb00,815,3.443
17Feb00,816,3.437
18Feb00,817,3.445
21Feb00,818,3.46
22Feb00,819,3.465
23Feb00,820,3.46
24Feb00,821,3.469
25Feb00,822,3.47
28Feb00,823,3.462
29Feb00,824,3.453
01Mar00,825,3.421
02Mar00,826,3.413
03Mar00,827,3.406
06Mar00,828,3.413
07Mar00,829,3.413
08Mar00,830,3.402
09Mar00,831,3.404
10Mar00,832,3.42
13Mar00,833,3.425
14Mar00,834,3.418
15Mar00,835,3.422
16Mar00,836,3.436
17Mar00,837,3.435
20Mar00,838,3.448
21Mar00,839,3.454
22Mar00,840,3.469
23Mar00,841,3.49
24Mar00,842,3.504
27Mar00,843,3.508
28Mar00,844,3.477
29Mar00,845,3.478
30Mar00,846,3.489
31Mar00,847,3.488
03Abr00,848,3.476
04Abr00,849,3.478
05Abr00,850,3.478
06Abr00,851,3.49
07Abr00,852,3.512
10Abr00,853,3.485
11Abr00,854,3.491
12Abr00,855,3.484
13Abr00,856,3.463
14Abr00,857,3.47
17Abr00,858,3.476
18Abr00,859,3.475
19Abr00,860,3.469
20Abr00,861,2.6
21Abr00,862,2.6
24Abr00,863,3.48
25Abr00,864,3.478
26Abr00,865,3.487
27Abr00,866,3.482
28Abr00,867,3.479
01May00,868,2.6
02May00,869,3.478
03May00,870,3.488
04May00,871,3.488
05May00,872,3.492
08May00,873,3.502
09May00,874,3.507
10May00,875,3.513
11May00,876,3.503
12May00,877,3.499
15May00,878,3.503
16May00,879,3.504
17May00,880,3.503
18May00,881,3.503
19May00,882,3.512
22May00,883,3.513
23May00,884,3.518
24May00,885,3.512
25May00,886,3.513
26May00,887,3.525
29May00,888,3.512
30May00,889,3.518
31May00,890,3.507
01Jun00,891,3.494
02Jun00,892,3.49
05Jun00,893,3.491
06Jun00,894,3.49
07Jun00,895,3.486
08Jun00,896,3.488
09Jun00,897,3.481
12Jun00,898,3.482
13Jun00,899,3.486
14Jun00,900,3.482
15Jun00,901,3.48
16Jun00,902,3.48
19Jun00,903,3.484
20Jun00,904,3.487
21Jun00,905,3.491
22Jun00,906,3.493
23Jun00,907,3.495
26Jun00,908,3.499
27Jun00,909,3.499
28Jun00,910,3.493
29Jun00,911,2.6
30Jun00,912,3.492
03Jul00,913,3.485
04Jul00,914,3.484
05Jul00,915,3.487
06Jul00,916,3.485
07Jul00,917,3.484
10Jul00,918,3.484
11Jul00,919,3.481
12Jul00,920,3.481
13Jul00,921,3.484
14Jul00,922,3.483
17Jul00,923,3.479
18Jul00,924,3.48
19Jul00,925,3.482
20Jul00,926,3.482
21Jul00,927,3.483
24Jul00,928,3.483
25Jul00,929,3.48
26Jul00,930,3.477
27Jul00,931,3.479
28Jul00,932,2.6
31Jul00,933,3.476
01Ago00,934,3.475
02Ago00,935,3.481
03Ago00,936,3.483
04Ago00,937,3.486
07Ago00,938,3.485
08Ago00,939,3.48
09Ago00,940,3.483
10Ago00,941,3.483
11Ago00,942,3.486
14Ago00,943,3.486
15Ago00,944,3.479
16Ago00,945,3.478
17Ago00,946,3.472
18Ago00,947,3.471
21Ago00,948,3.478
22Ago00,949,3.476
23Ago00,950,3.476
24Ago00,951,3.478
25Ago00,952,3.477
28Ago00,953,3.476
29Ago00,954,3.476
30Ago00,955,2.6
31Ago00,956,3.474
01Set00,957,3.472
04Set00,958,3.473
05Set00,959,3.475
06Set00,960,3.472
07Set00,961,3.473
08Set00,962,3.475
11Set00,963,3.475
12Set00,964,3.474
13Set00,965,3.473
14Set00,966,3.472
15Set00,967,3.474
18Set00,968,3.5
19Set00,969,3.499
20Set00,970,3.513
21Set00,971,3.491
22Set00,972,3.492
25Set00,973,3.489
26Set00,974,3.492
27Set00,975,3.498
28Set00,976,3.519
29Set00,977,3.51
02Oct00,978,3.495
03Oct00,979,3.491
04Oct00,980,3.497
05Oct00,981,3.504
06Oct00,982,3.503
09Oct00,983,3.501
10Oct00,984,3.5
11Oct00,985,3.502
12Oct00,986,3.496
13Oct00,987,3.492
16Oct00,988,3.488
17Oct00,989,3.493
18Oct00,990,3.498
19Oct00,991,3.493
20Oct00,992,3.495
23Oct00,993,3.509
24Oct00,994,3.51
25Oct00,995,3.51
26Oct00,996,3.51
27Oct00,997,3.515
30Oct00,998,3.522
31Oct00,999,3.515
01Nov00,1000,2.6
02Nov00,1001,3.506
03Nov00,1002,3.507
06Nov00,1003,3.516
07Nov00,1004,3.524
08Nov00,1005,3.526
09Nov00,1006,3.537
10Nov00,1007,3.528
13Nov00,1008,3.536
14Nov00,1009,3.535
15Nov00,1010,3.529
16Nov00,1011,3.532
17Nov00,1012,3.536
20Nov00,1013,3.548
21Nov00,1014,3.545
22Nov00,1015,3.54
23Nov00,1016,3.529
24Nov00,1017,3.529
27Nov00,1018,3.529
28Nov00,1019,3.533
29Nov00,1020,3.532
30Nov00,1021,3.531
01Dic00,1022,3.528
04Dic00,1023,3.524
05Dic00,1024,3.526
06Dic00,1025,3.529
07Dic00,1026,3.525
08Dic00,1027,2.6
11Dic00,1028,3.524
12Dic00,1029,3.526
13Dic00,1030,3.525
14Dic00,1031,3.521
15Dic00,1032,3.505
18Dic00,1033,3.506
19Dic00,1034,3.505
20Dic00,1035,3.514
21Dic00,1036,3.515
22Dic00,1037,3.516
25Dic00,1038,2.6
26Dic00,1039,3.518
27Dic00,1040,3.533
28Dic00,1041,3.534
29Dic00,1042,3.527
01Ene01,1043,2.6
02Ene01,1044,3.523
03Ene01,1045,3.521
04Ene01,1046,3.52
05Ene01,1047,3.518
08Ene01,1048,3.517
09Ene01,1049,3.518
10Ene01,1050,3.519
11Ene01,1051,3.517
12Ene01,1052,3.521
15Ene01,1053,3.522
16Ene01,1054,3.521
17Ene01,1055,3.519
18Ene01,1056,3.52
19Ene01,1057,3.522
22Ene01,1058,3.523
23Ene01,1059,3.527
24Ene01,1060,3.531
25Ene01,1061,3.528
26Ene01,1062,3.532
29Ene01,1063,3.538
30Ene01,1064,3.536
31Ene01,1065,3.536
01Feb01,1066,3.532
02Feb01,1067,3.531
05Feb01,1068,3.532
06Feb01,1069,3.53
07Feb01,1070,3.532
08Feb01,1071,3.533
09Feb01,1072,3.53
12Feb01,1073,3.532
13Feb01,1074,3.533
14Feb01,1075,3.531
15Feb01,1076,3.53
16Feb01,1077,3.527
19Feb01,1078,3.526
20Feb01,1079,3.526
21Feb01,1080,3.528
22Feb01,1081,3.529
23Feb01,1082,3.532
26Feb01,1083,3.527
27Feb01,1084,3.526
28Feb01,1085,3.524
01Mar01,1086,3.522
02Mar01,1087,3.52
05Mar01,1088,3.518
06Mar01,1089,3.517
07Mar01,1090,3.516
08Mar01,1091,3.518
09Mar01,1092,3.519
12Mar01,1093,3.518
13Mar01,1094,3.518
14Mar01,1095,3.518
15Mar01,1096,3.519
16Mar01,1097,3.523
19Mar01,1098,3.523
20Mar01,1099,3.522
21Mar01,1100,3.524
22Mar01,1101,3.525
23Mar01,1102,3.526
26Mar01,1103,3.522
27Mar01,1104,3.521
28Mar01,1105,3.522
29Mar01,1106,3.522
30Mar01,1107,3.525
02Abr01,1108,3.525
03Abr01,1109,3.526
04Abr01,1110,3.526
05Abr01,1111,3.527
06Abr01,1112,3.532
09Abr01,1113,3.54
10Abr01,1114,3.544
11Abr01,1115,3.543
12Abr01,1116,2.6
13Abr01,1117,2.6
16Abr01,1118,3.546
17Abr01,1119,3.561
18Abr01,1120,3.572
19Abr01,1121,3.576
20Abr01,1122,3.581
23Abr01,1123,3.588
24Abr01,1124,3.592
25Abr01,1125,3.593
26Abr01,1126,3.593
27Abr01,1127,3.593
30Abr01,1128,3.589
01May01,1129,2.6
02May01,1130,3.589
03May01,1131,3.597
04May01,1132,3.6
07May01,1133,3.596
08May01,1134,3.604
09May01,1135,3.613
10May01,1136,3.609
11May01,1137,3.604
14May01,1138,3.603
15May01,1139,3.6
16May01,1140,3.602
17May01,1141,3.599
18May01,1142,3.601
21May01,1143,3.596
22May01,1144,3.587
23May01,1145,3.589
24May01,1146,3.59
25May01,1147,3.593
28May01,1148,3.61
29May01,1149,3.615
30May01,1150,3.616
31May01,1151,3.623
01Jun01,1152,3.631
04Jun01,1153,3.576
05Jun01,1154,3.559
06Jun01,1155,3.554
07Jun01,1156,3.534
08Jun01,1157,3.5323
11Jun01,1158,3.518
12Jun01,1159,3.522
13Jun01,1160,3.516
14Jun01,1161,3.513
15Jun01,1162,3.515
18Jun01,1163,3.527
19Jun01,1164,3.524
20Jun01,1165,3.519
21Jun01,1166,3.52
22Jun01,1167,3.521
25Jun01,1168,3.522
26Jun01,1169,3.523
27Jun01,1170,3.519
28Jun01,1171,3.514
29Jun01,1172,2.6
02Jul01,1173,3.515
03Jul01,1174,3.514
04Jul01,1175,3.518
05Jul01,1176,3.518
06Jul01,1177,3.52
09Jul01,1178,3.512
10Jul01,1179,3.51
11Jul01,1180,3.512
12Jul01,1181,3.516
13Jul01,1182,3.51
16Jul01,1183,3.509
17Jul01,1184,3.506
18Jul01,1185,3.498
19Jul01,1186,3.495
20Jul01,1187,3.494
23Jul01,1188,3.497
24Jul01,1189,3.499
25Jul01,1190,3.497
26Jul01,1191,3.489
27Jul01,1192,3.487
30Jul01,1193,2.6
31Jul01,1194,3.488
01Ago01,1195,3.496
02Ago01,1196,3.501
03Ago01,1197,3.498
06Ago01,1198,3.501
07Ago01,1199,3.501
08Ago01,1200,3.495
09Ago01,1201,3.493
10Ago01,1202,3.493
13Ago01,1203,3.494
14Ago01,1204,3.493
15Ago01,1205,3.491
16Ago01,1206,3.492
17Ago01,1207,3.492
20Ago01,1208,3.496
21Ago01,1209,3.499
22Ago01,1210,3.489
23Ago01,1211,3.49
24Ago01,1212,3.49
27Ago01,1213,3.491
28Ago01,1214,3.488
29Ago01,1215,3.484
30Ago01,1216,2.6
31Ago01,1217,3.483
03Set01,1218,3.479
04Set01,1219,3.481
05Set01,1220,3.484
06Set01,1221,3.483
07Set01,1222,3.483
10Set01,1223,3.483
11Set01,1224,3.494
12Set01,1225,3.491
13Set01,1226,3.496
14Set01,1227,3.502
17Set01,1228,3.503
18Set01,1229,3.501
19Set01,1230,3.501
20Set01,1231,3.502
21Set01,1232,3.502
24Set01,1233,3.494
25Set01,1234,3.49
26Set01,1235,3.485
27Set01,1236,3.485
28Set01,1237,3.484
01Oct01,1238,3.482
02Oct01,1239,3.481
03Oct01,1240,3.479
04Oct01,1241,3.478
05Oct01,1242,3.479
08Oct01,1243,2.6
09Oct01,1244,3.48
10Oct01,1245,3.477
11Oct01,1246,3.471
12Oct01,1247,3.463
15Oct01,1248,3.452
16Oct01,1249,3.451
17Oct01,1250,3.453
18Oct01,1251,3.45
19Oct01,1252,3.451
22Oct01,1253,3.45
23Oct01,1254,3.453
24Oct01,1255,3.454
25Oct01,1256,3.455
26Oct01,1257,3.452
29Oct01,1258,3.451
30Oct01,1259,3.446
31Oct01,1260,3.443
01Nov01,1261,2.6
02Nov01,1262,2.6
05Nov01,1263,3.44
06Nov01,1264,3.444
07Nov01,1265,3.449
08Nov01,1266,3.448
09Nov01,1267,3.448
12Nov01,1268,3.45
13Nov01,1269,3.444
14Nov01,1270,3.444
15Nov01,1271,3.44
16Nov01,1272,3.44
19Nov01,1273,3.438
20Nov01,1274,3.435
21Nov01,1275,3.436
22Nov01,1276,3.439
23Nov01,1277,3.437
26Nov01,1278,3.438
27Nov01,1279,3.438
28Nov01,1280,3.436
29Nov01,1281,3.435
30Nov01,1282,3.435
03Dic01,1283,3.434
04Dic01,1284,3.434
05Dic01,1285,3.431
06Dic01,1286,3.43
07Dic01,1287,3.431
10Dic01,1288,3.43
11Dic01,1289,3.43
12Dic01,1290,3.432
13Dic01,1291,3.431
14Dic01,1292,3.432
17Dic01,1293,3.433
18Dic01,1294,3.437
19Dic01,1295,3.439
20Dic01,1296,3.446
21Dic01,1297,3.445
24Dic01,1298,3.443
25Dic01,1299,2.6
26Dic01,1300,3.445
27Dic01,1301,3.441
28Dic01,1302,3.4415
31Dic01,1303,3.446
01Ene02,1304,2.6
02Ene02,1305,3.443
03Ene02,1306,3.441
04Ene02,1307,3.443
07Ene02,1308,3.444
08Ene02,1309,3.447
09Ene02,1310,3.457
10Ene02,1311,3.479
11Ene02,1312,3.477
14Ene02,1313,3.473
15Ene02,1314,3.459
16Ene02,1315,3.459
17Ene02,1316,3.457
18Ene02,1317,3.46
21Ene02,1318,3.462
22Ene02,1319,3.463
23Ene02,1320,3.463
24Ene02,1321,3.462
25Ene02,1322,3.464
28Ene02,1323,3.467
29Ene02,1324,3.467
30Ene02,1325,3.476
31Ene02,1326,3.478
01Feb02,1327,3.478
04Feb02,1328,3.483
05Feb02,1329,3.485
06Feb02,1330,3.487
07Feb02,1331,3.484
08Feb02,1332,3.486
11Feb02,1333,3.485
12Feb02,1334,3.476
13Feb02,1335,3.475
14Feb02,1336,3.475
15Feb02,1337,3.471
18Feb02,1338,3.469
19Feb02,1339,3.472
20Feb02,1340,3.473
21Feb02,1341,3.475
22Feb02,1342,3.48
25Feb02,1343,3.479
26Feb02,1344,3.476
27Feb02,1345,3.474
28Feb02,1346,3.471
01Mar02,1347,3.471
04Mar02,1348,3.471
05Mar02,1349,3.464
06Mar02,1350,3.46
07Mar02,1351,3.46
08Mar02,1352,3.455
11Mar02,1353,3.457
12Mar02,1354,3.454
13Mar02,1355,3.453
14Mar02,1356,3.451
15Mar02,1357,3.455
18Mar02,1358,3.455
19Mar02,1359,3.456
20Mar02,1360,3.456
21Mar02,1361,3.459
22Mar02,1362,3.455
25Mar02,1363,3.453
26Mar02,1364,3.453
27Mar02,1365,3.446
28Mar02,1366,2.6
29Mar02,1367,2.6
01Abr02,1368,3.447
02Abr02,1369,3.453
03Abr02,1370,3.45
04Abr02,1371,3.45
05Abr02,1372,3.446
08Abr02,1373,3.445
09Abr02,1374,3.444
10Abr02,1375,3.443
11Abr02,1376,3.444
12Abr02,1377,3.441
15Abr02,1378,3.439
16Abr02,1379,3.432
17Abr02,1380,3.431
18Abr02,1381,3.433
19Abr02,1382,3.43
22Abr02,1383,3.429
23Abr02,1384,3.431
24Abr02,1385,3.436
25Abr02,1386,3.439
26Abr02,1387,3.438
29Abr02,1388,3.438
30Abr02,1389,3.435
01May02,1390,2.6
02May02,1391,3.434
03May02,1392,3.436
06May02,1393,3.435
07May02,1394,3.435
08May02,1395,3.435
09May02,1396,3.441
10May02,1397,3.447
13May02,1398,3.453
14May02,1399,3.45
15May02,1400,3.449
16May02,1401,3.451
17May02,1402,3.457
20May02,1403,3.459
21May02,1404,3.463
22May02,1405,3.469
23May02,1406,3.471
24May02,1407,3.455
27May02,1408,3.455
28May02,1409,3.466
29May02,1410,3.47
30May02,1411,3.463
31May02,1412,3.462
03Jun02,1413,3.466
04Jun02,1414,3.474
05Jun02,1415,3.469
06Jun02,1416,2.6
07Jun02,1417,3.471
10Jun02,1418,3.47
11Jun02,1419,3.468
12Jun02,1420,3.47
13Jun02,1421,3.466
14Jun02,1422,3.464
17Jun02,1423,3.465
18Jun02,1424,3.467
19Jun02,1425,3.474
20Jun02,1426,3.485
21Jun02,1427,3.507
24Jun02,1428,3.51
25Jun02,1429,3.5
26Jun02,1430,3.511
27Jun02,1431,3.508
28Jun02,1432,3.511
01Jul02,1433,3.512
02Jul02,1434,3.518
03Jul02,1435,3.525
04Jul02,1436,3.524
05Jul02,1437,3.536
08Jul02,1438,3.54
09Jul02,1439,3.536
10Jul02,1440,3.546
11Jul02,1441,3.552
12Jul02,1442,3.546
15Jul02,1443,3.54
16Jul02,1444,3.532
17Jul02,1445,3.537
18Jul02,1446,3.537
19Jul02,1447,3.532
22Jul02,1448,3.521
23Jul02,1449,3.526
24Jul02,1450,3.536
25Jul02,1451,3.543
26Jul02,1452,3.537
29Jul02,1453,2.6
30Jul02,1454,2.6
31Jul02,1455,3.55
01Ago02,1456,3.557
02Ago02,1457,3.544
05Ago02,1458,3.546
06Ago02,1459,3.557
07Ago02,1460,3.554
08Ago02,1461,3.537
09Ago02,1462,3.548
12Ago02,1463,3.566
13Ago02,1464,3.574
14Ago02,1465,3.57
15Ago02,1466,3.565
16Ago02,1467,3.563
19Ago02,1468,3.561
20Ago02,1469,3.569
21Ago02,1470,3.575
22Ago02,1471,3.592
23Ago02,1472,3.594
26Ago02,1473,3.595
27Ago02,1474,3.602
28Ago02,1475,3.612
29Ago02,1476,3.615
30Ago02,1477,2.6
02Set02,1478,3.613
03Set02,1479,3.629
04Set02,1480,3.643
05Set02,1481,3.652
06Set02,1482,3.638
09Set02,1483,3.617
10Set02,1484,3.612
11Set02,1485,3.609
12Set02,1486,3.589
13Set02,1487,3.567
16Set02,1488,3.589
17Set02,1489,3.598
18Set02,1490,3.6
19Set02,1491,3.609
20Set02,1492,3.626
23Set02,1493,3.631
24Set02,1494,3.633
25Set02,1495,3.638
26Set02,1496,3.639
27Set02,1497,3.647
30Set02,1498,3.644
01Oct02,1499,3.628
02Oct02,1500,3.628
03Oct02,1501,3.634
04Oct02,1502,3.6318
07Oct02,1503,2.6
08Oct02,1504,2.6
09Oct02,1505,3.624
10Oct02,1506,3.62
11Oct02,1507,3.616
14Oct02,1508,3.616
15Oct02,1509,3.628
16Oct02,1510,3.63
17Oct02,1511,3.626
18Oct02,1512,3.616
21Oct02,1513,3.621
22Oct02,1514,3.621
23Oct02,1515,3.61
24Oct02,1516,3.603
25Oct02,1517,3.591
28Oct02,1518,3.59
29Oct02,1519,3.601
30Oct02,1520,3.608
31Oct02,1521,3.602
01Nov02,1522,2.6
04Nov02,1523,3.601
05Nov02,1524,3.606
06Nov02,1525,3.616
07Nov02,1526,3.614
08Nov02,1527,3.61
11Nov02,1528,3.603
12Nov02,1529,3.601
13Nov02,1530,3.599
14Nov02,1531,3.601
15Nov02,1532,3.602
18Nov02,1533,3.593
19Nov02,1534,3.587
20Nov02,1535,3.585
21Nov02,1536,3.58
22Nov02,1537,3.577
25Nov02,1538,3.575
26Nov02,1539,3.555
27Nov02,1540,3.546
28Nov02,1541,3.526
29Nov02,1542,3.51
02Dic02,1543,3.517
03Dic02,1544,3.544
04Dic02,1545,3.552
05Dic02,1546,3.537
06Dic02,1547,3.527
09Dic02,1548,3.52
10Dic02,1549,3.521
11Dic02,1550,3.517
12Dic02,1551,3.506
13Dic02,1552,3.501
16Dic02,1553,3.492
17Dic02,1554,3.497
18Dic02,1555,3.499
19Dic02,1556,3.51
20Dic02,1557,3.514
23Dic02,1558,3.502
24Dic02,1559,3.5
25Dic02,1560,2.6
26Dic02,1561,3.511
27Dic02,1562,3.522
30Dic02,1563,3.517
31Dic02,1564,3.515
01Ene03,1565,2.6
02Ene03,1566,3.509
03Ene03,1567,3.5
06Ene03,1568,3.502
07Ene03,1569,3.498
08Ene03,1570,3.493
09Ene03,1571,3.49
10Ene03,1572,3.494
13Ene03,1573,3.49
14Ene03,1574,3.487
15Ene03,1575,3.485
16Ene03,1576,3.486
17Ene03,1577,3.488
20Ene03,1578,3.492
21Ene03,1579,3.497
22Ene03,1580,3.504
23Ene03,1581,3.5
24Ene03,1582,3.498
27Ene03,1583,3.499
28Ene03,1584,3.498
29Ene03,1585,3.5
30Ene03,1586,3.491
31Ene03,1587,3.484
03Feb03,1588,3.483
04Feb03,1589,3.491
05Feb03,1590,3.494
06Feb03,1591,3.49
07Feb03,1592,3.491
10Feb03,1593,3.489
11Feb03,1594,3.484
12Feb03,1595,3.484
13Feb03,1596,3.49
14Feb03,1597,3.485
17Feb03,1598,3.482
18Feb03,1599,3.48
19Feb03,1600,3.482
20Feb03,1601,3.481
21Feb03,1602,3.481
24Feb03,1603,3.48
25Feb03,1604,3.483
26Feb03,1605,3.482
27Feb03,1606,3.481
28Feb03,1607,3.481
03Mar03,1608,3.478
04Mar03,1609,3.476
05Mar03,1610,3.476
06Mar03,1611,3.478
07Mar03,1612,3.481
10Mar03,1613,3.484
11Mar03,1614,3.481
12Mar03,1615,3.48
13Mar03,1616,3.479
14Mar03,1617,3.478
17Mar03,1618,3.48
18Mar03,1619,3.482
19Mar03,1620,3.485
20Mar03,1621,3.488
21Mar03,1622,3.484
24Mar03,1623,3.481
25Mar03,1624,3.479
26Mar03,1625,3.479
27Mar03,1626,3.479
28Mar03,1627,3.4777
31Mar03,1628,3.475
01Abr03,1629,3.475
02Abr03,1630,3.472
03Abr03,1631,3.472
04Abr03,1632,3.473
07Abr03,1633,3.469
08Abr03,1634,3.467
09Abr03,1635,3.468
10Abr03,1636,3.467
11Abr03,1637,3.465
14Abr03,1638,3.461
15Abr03,1639,3.463
16Abr03,1640,3.46
17Abr03,1641,2.6
18Abr03,1642,2.6
21Abr03,1643,3.46
22Abr03,1644,3.458
23Abr03,1645,3.462
24Abr03,1646,3.462
25Abr03,1647,3.465
28Abr03,1648,3.466
29Abr03,1649,3.461
30Abr03,1650,3.463
01May03,1651,2.6
02May03,1652,3.465
05May03,1653,3.468
06May03,1654,3.473
07May03,1655,3.474
08May03,1656,3.474
09May03,1657,3.475
12May03,1658,3.474
13May03,1659,3.476
14May03,1660,3.475
15May03,1661,3.475
16May03,1662,3.475
19May03,1663,3.483
20May03,1664,3.489
21May03,1665,3.49
22May03,1666,3.491
23May03,1667,3.491
26May03,1668,3.49
27May03,1669,3.492
28May03,1670,3.5
29May03,1671,3.496
30May03,1672,3.496
02Jun03,1673,3.493
03Jun03,1674,3.494
04Jun03,1675,3.489
05Jun03,1676,3.484
06Jun03,1677,3.483
09Jun03,1678,3.484
10Jun03,1679,3.488
11Jun03,1680,3.485
12Jun03,1681,3.481
13Jun03,1682,3.474
16Jun03,1683,3.471
17Jun03,1684,3.472
18Jun03,1685,3.473
19Jun03,1686,3.472
20Jun03,1687,3.471
23Jun03,1688,3.475
24Jun03,1689,3.476
25Jun03,1690,3.48
26Jun03,1691,3.477
27Jun03,1692,3.477
30Jun03,1693,3.472
01Jul03,1694,3.473
02Jul03,1695,3.471
03Jul03,1696,3.469
04Jul03,1697,3.47
07Jul03,1698,3.471
08Jul03,1699,3.475
09Jul03,1700,3.473
10Jul03,1701,3.474
11Jul03,1702,3.474
14Jul03,1703,3.471
15Jul03,1704,3.471
16Jul03,1705,3.471
17Jul03,1706,3.47
18Jul03,1707,3.471
21Jul03,1708,3.472
22Jul03,1709,3.472
23Jul03,1710,3.472
24Jul03,1711,3.473
25Jul03,1712,3.474
28Jul03,1713,2.6
29Jul03,1714,2.6
30Jul03,1715,3.472
31Jul03,1716,3.473
01Ago03,1717,3.474
04Ago03,1718,3.475
05Ago03,1719,3.477
06Ago03,1720,3.481
07Ago03,1721,3.481
08Ago03,1722,3.486
11Ago03,1723,3.482
12Ago03,1724,3.484
13Ago03,1725,3.486
14Ago03,1726,3.482
15Ago03,1727,3.479
18Ago03,1728,3.481
19Ago03,1729,3.482
20Ago03,1730,3.481
21Ago03,1731,3.482
22Ago03,1732,3.482
25Ago03,1733,3.481
26Ago03,1734,3.481
27Ago03,1735,3.48
28Ago03,1736,3.481
29Ago03,1737,3.481
01Set03,1738,3.482
02Set03,1739,3.482
03Set03,1740,3.485
04Set03,1741,3.485
05Set03,1742,3.485
08Set03,1743,3.483
09Set03,1744,3.482
10Set03,1745,3.48
11Set03,1746,3.479
12Set03,1747,3.48
15Set03,1748,3.478
16Set03,1749,3.478
17Set03,1750,3.479
18Set03,1751,3.478
19Set03,1752,3.479
22Set03,1753,3.48
23Set03,1754,3.483
24Set03,1755,3.483
25Set03,1756,3.484
26Set03,1757,3.483
29Set03,1758,3.484
30Set03,1759,3.483
01Oct03,1760,3.485
02Oct03,1761,3.483
03Oct03,1762,3.482
06Oct03,1763,3.481
07Oct03,1764,3.481
08Oct03,1765,2.6
09Oct03,1766,3.482
10Oct03,1767,3.482
13Oct03,1768,3.479
14Oct03,1769,3.479
15Oct03,1770,3.48
16Oct03,1771,3.479
17Oct03,1772,3.48
20Oct03,1773,3.479
21Oct03,1774,3.48
22Oct03,1775,3.478
23Oct03,1776,3.477
24Oct03,1777,3.475
27Oct03,1778,3.476
28Oct03,1779,3.477
29Oct03,1780,3.475
30Oct03,1781,3.472
31Oct03,1782,3.473
03Nov03,1783,3.474
04Nov03,1784,3.475
05Nov03,1785,3.475
06Nov03,1786,3.479
07Nov03,1787,3.481
10Nov03,1788,3.48
11Nov03,1789,3.48
12Nov03,1790,3.478
13Nov03,1791,3.478
14Nov03,1792,3.475
17Nov03,1793,3.476
18Nov03,1794,3.477
19Nov03,1795,3.48
20Nov03,1796,3.481
21Nov03,1797,3.479
24Nov03,1798,3.479
25Nov03,1799,3.479
26Nov03,1800,3.482
27Nov03,1801,3.48
28Nov03,1802,3.481
01Dic03,1803,3.48
02Dic03,1804,3.478
03Dic03,1805,3.479
04Dic03,1806,3.478
05Dic03,1807,3.477
08Dic03,1808,2.6
09Dic03,1809,3.478
10Dic03,1810,3.478
11Dic03,1811,3.475
12Dic03,1812,3.475
15Dic03,1813,3.475
16Dic03,1814,3.475
17Dic03,1815,3.472
18Dic03,1816,3.471
19Dic03,1817,3.467
22Dic03,1818,3.463
23Dic03,1819,3.464
24Dic03,1820,3.464
25Dic03,1821,2.6
26Dic03,1822,3.466
29Dic03,1823,3.469
30Dic03,1824,3.467
31Dic03,1825,3.464
01Ene04,1826,2.6
02Ene04,1827,3.463
05Ene04,1828,3.464
06Ene04,1829,3.462
07Ene04,1830,3.461
08Ene04,1831,3.458
09Ene04,1832,3.457
12Ene04,1833,3.458
13Ene04,1834,3.461
14Ene04,1835,3.459
15Ene04,1836,3.455
16Ene04,1837,3.453
19Ene04,1838,3.458
20Ene04,1839,3.461
21Ene04,1840,3.464
22Ene04,1841,3.472
23Ene04,1842,3.475
26Ene04,1843,3.474
27Ene04,1844,3.483
28Ene04,1845,3.485
29Ene04,1846,3.499
30Ene04,1847,3.5
02Feb04,1848,3.506
03Feb04,1849,3.497
04Feb04,1850,3.493
05Feb04,1851,3.493
06Feb04,1852,3.492
09Feb04,1853,3.49
10Feb04,1854,3.486
11Feb04,1855,3.488
12Feb04,1856,3.49
13Feb04,1857,3.492
16Feb04,1858,3.483
17Feb04,1859,3.477
18Feb04,1860,3.474
19Feb04,1861,3.473
20Feb04,1862,3.475
23Feb04,1863,3.477
24Feb04,1864,3.474
25Feb04,1865,3.475
26Feb04,1866,3.475
27Feb04,1867,3.473
01Mar04,1868,3.473
02Mar04,1869,3.474
03Mar04,1870,3.476
04Mar04,1871,3.475
05Mar04,1872,3.474
08Mar04,1873,3.472
09Mar04,1874,3.467
10Mar04,1875,3.466
11Mar04,1876,3.467
12Mar04,1877,3.463
15Mar04,1878,3.462
16Mar04,1879,3.464
17Mar04,1880,3.466
18Mar04,1881,3.466
19Mar04,1882,3.463
22Mar04,1883,3.461
23Mar04,1884,3.459
24Mar04,1885,3.461
25Mar04,1886,3.462
26Mar04,1887,3.462
29Mar04,1888,3.461
30Mar04,1889,3.461
31Mar04,1890,3.461
01Abr04,1891,3.461
02Abr04,1892,3.458
05Abr04,1893,3.458
06Abr04,1894,3.459
07Abr04,1895,3.462
08Abr04,1896,2.6
09Abr04,1897,2.6
12Abr04,1898,3.463
13Abr04,1899,3.464
14Abr04,1900,3.467
15Abr04,1901,3.467
16Abr04,1902,3.466
19Abr04,1903,3.466
20Abr04,1904,3.469
21Abr04,1905,3.47
22Abr04,1906,3.473
23Abr04,1907,3.479
26Abr04,1908,3.484
27Abr04,1909,3.485
28Abr04,1910,3.484
29Abr04,1911,3.487
30Abr04,1912,3.484
03May04,1913,3.487
04May04,1914,3.484
05May04,1915,3.483
06May04,1916,3.486
07May04,1917,3.491
10May04,1918,3.493
11May04,1919,3.488
12May04,1920,3.487
13May04,1921,3.488
14May04,1922,3.484
17May04,1923,3.484
18May04,1924,3.484
19May04,1925,3.484
20May04,1926,3.491
21May04,1927,3.489
24May04,1928,3.495
25May04,1929,3.493
26May04,1930,3.491
27May04,1931,3.489
28May04,1932,3.489
31May04,1933,3.489
01Jun04,1934,3.49
02Jun04,1935,3.488
03Jun04,1936,3.487
04Jun04,1937,3.487
07Jun04,1938,3.486
08Jun04,1939,3.482
09Jun04,1940,3.477
10Jun04,1941,3.479
11Jun04,1942,3.478
14Jun04,1943,3.482
15Jun04,1944,3.478
16Jun04,1945,3.476
17Jun04,1946,3.475
18Jun04,1947,3.473
21Jun04,1948,3.473
22Jun04,1949,3.472
23Jun04,1950,3.47
24Jun04,1951,3.47
25Jun04,1952,3.469
28Jun04,1953,3.471
29Jun04,1954,2.6
30Jun04,1955,3.472
01Jul04,1956,3.471
02Jul04,1957,3.469
05Jul04,1958,3.469
06Jul04,1959,3.467
07Jul04,1960,3.464
08Jul04,1961,3.462
09Jul04,1962,3.456
12Jul04,1963,3.446
13Jul04,1964,3.436
14Jul04,1965,3.441
15Jul04,1966,3.437
16Jul04,1967,3.435
19Jul04,1968,3.425
20Jul04,1969,3.421
21Jul04,1970,3.426
22Jul04,1971,3.424
23Jul04,1972,3.42
26Jul04,1973,3.425
27Jul04,1974,3.428
28Jul04,1975,2.6
29Jul04,1976,2.6
30Jul04,1977,3.422
02Ago04,1978,3.415
03Ago04,1979,3.409
04Ago04,1980,3.421
05Ago04,1981,3.417
06Ago04,1982,3.413
09Ago04,1983,3.409
10Ago04,1984,3.41
11Ago04,1985,3.408
12Ago04,1986,3.409
13Ago04,1987,3.409
16Ago04,1988,3.41
17Ago04,1989,3.406
18Ago04,1990,3.389
19Ago04,1991,3.381
20Ago04,1992,3.381
23Ago04,1993,3.382
24Ago04,1994,3.383
25Ago04,1995,3.38
26Ago04,1996,3.368
27Ago04,1997,3.364
30Ago04,1998,2.6
31Ago04,1999,3.358
01Set04,2000,3.368
02Set04,2001,3.372
03Set04,2002,3.382
06Set04,2003,3.382
07Set04,2004,3.375
08Set04,2005,3.367
09Set04,2006,3.367
10Set04,2007,3.369
13Set04,2008,3.361
14Set04,2009,3.353
15Set04,2010,3.35
16Set04,2011,3.349
17Set04,2012,3.351
20Set04,2013,3.351
21Set04,2014,3.351
22Set04,2015,3.353
23Set04,2016,3.348
24Set04,2017,3.348
27Set04,2018,3.352
28Set04,2019,3.349
29Set04,2020,3.345
30Set04,2021,3.342
01Oct04,2022,3.338
04Oct04,2023,3.34
05Oct04,2024,3.337
06Oct04,2025,3.333
07Oct04,2026,3.328
08Oct04,2027,2.6
11Oct04,2028,3.313
12Oct04,2029,3.31
13Oct04,2030,3.313
14Oct04,2031,3.325
15Oct04,2032,3.322
18Oct04,2033,3.314
19Oct04,2034,3.318
20Oct04,2035,3.318
21Oct04,2036,3.313
22Oct04,2037,3.31
25Oct04,2038,3.314
26Oct04,2039,3.324
27Oct04,2040,3.321
28Oct04,2041,3.325
29Oct04,2042,3.325
01Nov04,2043,2.6
02Nov04,2044,3.324
03Nov04,2045,3.317
04Nov04,2046,3.314
05Nov04,2047,3.312
08Nov04,2048,3.314
09Nov04,2049,3.312
10Nov04,2050,3.308
11Nov04,2051,3.313
12Nov04,2052,3.307
15Nov04,2053,3.306
16Nov04,2054,3.303
17Nov04,2055,3.306
18Nov04,2056,3.311
19Nov04,2057,3.311
22Nov04,2058,3.316
23Nov04,2059,3.316
24Nov04,2060,3.314
25Nov04,2061,3.309
26Nov04,2062,3.308
29Nov04,2063,3.306
30Nov04,2064,3.306
01Dic04,2065,3.303
02Dic04,2066,3.302
03Dic04,2067,3.299
06Dic04,2068,3.297
07Dic04,2069,3.299
08Dic04,2070,2.6
09Dic04,2071,3.301
10Dic04,2072,3.295
13Dic04,2073,3.286
14Dic04,2074,3.275
15Dic04,2075,3.263
16Dic04,2076,3.268
17Dic04,2077,3.27
20Dic04,2078,3.269
21Dic04,2079,3.264
22Dic04,2080,3.269
23Dic04,2081,3.268
24Dic04,2082,3.269
27Dic04,2083,3.271
28Dic04,2084,3.279
29Dic04,2085,3.288
30Dic04,2086,3.282
31Dic04,2087,3.283
03Ene05,2088,3.287
04Ene05,2089,3.279
05Ene05,2090,3.274
06Ene05,2091,3.276
07Ene05,2092,3.277
10Ene05,2093,3.275
11Ene05,2094,3.273
12Ene05,2095,3.268
13Ene05,2096,3.265
14Ene05,2097,3.264
17Ene05,2098,3.259
18Ene05,2099,3.264
19Ene05,2100,3.264
20Ene05,2101,3.27
21Ene05,2102,3.267
24Ene05,2103,3.27
25Ene05,2104,3.27
26Ene05,2105,3.265
27Ene05,2106,3.261
28Ene05,2107,3.259
31Ene05,2108,3.264
01Feb05,2109,3.263
02Feb05,2110,3.261
03Feb05,2111,3.26
04Feb05,2112,3.258
07Feb05,2113,3.264
08Feb05,2114,3.262
09Feb05,2115,3.259
10Feb05,2116,3.26
11Feb05,2117,3.259
14Feb05,2118,3.259
15Feb05,2119,3.26
16Feb05,2120,3.259
17Feb05,2121,3.259
18Feb05,2122,3.262
21Feb05,2123,3.259
22Feb05,2124,3.257
23Feb05,2125,3.258
24Feb05,2126,3.257
25Feb05,2127,3.258
28Feb05,2128,3.259
01Mar05,2129,3.259
02Mar05,2130,3.261
03Mar05,2131,3.262
04Mar05,2132,3.259
07Mar05,2133,3.26
08Mar05,2134,3.259
09Mar05,2135,3.259
10Mar05,2136,3.259
11Mar05,2137,3.258
14Mar05,2138,3.257
15Mar05,2139,3.258
16Mar05,2140,3.263
17Mar05,2141,3.259
18Mar05,2142,3.261
21Mar05,2143,3.26
22Mar05,2144,3.26
23Mar05,2145,3.262
24Mar05,2146,2.6
25Mar05,2147,2.6
28Mar05,2148,3.262
29Mar05,2149,3.262
30Mar05,2150,3.262
31Mar05,2151,3.263
01Abr05,2152,3.26
04Abr05,2153,2.6
05Abr05,2154,3.261
06Abr05,2155,3.26
07Abr05,2156,3.259
08Abr05,2157,3.26
11Abr05,2158,3.261
12Abr05,2159,3.262
13Abr05,2160,3.259
14Abr05,2161,3.258
15Abr05,2162,3.26
18Abr05,2163,3.259
19Abr05,2164,3.258
20Abr05,2165,3.258
21Abr05,2166,3.257
22Abr05,2167,3.257
25Abr05,2168,3.256
26Abr05,2169,3.256
27Abr05,2170,3.258
28Abr05,2171,3.259
29Abr05,2172,3.259
02May05,2173,2.6
03May05,2174,3.256
04May05,2175,3.258
05May05,2176,3.258
06May05,2177,3.257
09May05,2178,3.257
10May05,2179,3.256
11May05,2180,3.256
12May05,2181,3.255
13May05,2182,3.255
16May05,2183,3.255
17May05,2184,3.255
18May05,2185,3.256
19May05,2186,3.255
20May05,2187,3.255
23May05,2188,3.255
24May05,2189,3.256
25May05,2190,3.255
26May05,2191,3.255
27May05,2192,3.255
30May05,2193,3.256
31May05,2194,3.255
01Jun05,2195,3.254
02Jun05,2196,3.256
03Jun05,2197,3.255
06Jun05,2198,3.255
07Jun05,2199,3.255
08Jun05,2200,3.254
09Jun05,2201,3.253
10Jun05,2202,3.252
13Jun05,2203,3.252
14Jun05,2204,3.251
15Jun05,2205,3.252
16Jun05,2206,3.251
17Jun05,2207,3.251
20Jun05,2208,3.253
21Jun05,2209,3.253
22Jun05,2210,3.253
23Jun05,2211,3.254
24Jun05,2212,3.255
27Jun05,2213,3.254
28Jun05,2214,3.254
29Jun05,2215,2.6
30Jun05,2216,3.254
01Jul05,2217,3.254
04Jul05,2218,3.252
05Jul05,2219,3.252
06Jul05,2220,3.253
07Jul05,2221,3.251
08Jul05,2222,3.25
11Jul05,2223,3.252
12Jul05,2224,3.251
13Jul05,2225,3.252
14Jul05,2226,3.253
15Jul05,2227,3.253
18Jul05,2228,3.254
19Jul05,2229,3.253
20Jul05,2230,3.254
21Jul05,2231,3.253
22Jul05,2232,3.253
25Jul05,2233,3.253
26Jul05,2234,3.255
27Jul05,2235,3.255
28Jul05,2236,2.6
29Jul05,2237,2.6
01Ago05,2238,3.254
02Ago05,2239,3.254
03Ago05,2240,3.254
04Ago05,2241,3.254
05Ago05,2242,3.254
08Ago05,2243,3.252
09Ago05,2244,3.252
10Ago05,2245,3.253
11Ago05,2246,3.252
12Ago05,2247,3.253
15Ago05,2248,3.254
16Ago05,2249,3.253
17Ago05,2250,3.254
18Ago05,2251,3.254
19Ago05,2252,3.255
22Ago05,2253,3.256
23Ago05,2254,3.256
24Ago05,2255,3.258
25Ago05,2256,3.261
26Ago05,2257,3.269
29Ago05,2258,3.286
30Ago05,2259,2.6
31Ago05,2260,3.286
01Set05,2261,3.279
02Set05,2262,3.297
05Set05,2263,3.322
06Set05,2264,3.321
07Set05,2265,3.297
08Set05,2266,3.299
09Set05,2267,3.292
12Set05,2268,3.285
13Set05,2269,3.29
14Set05,2270,3.29
15Set05,2271,3.295
16Set05,2272,3.296
19Set05,2273,3.304
20Set05,2274,3.302
21Set05,2275,3.305
22Set05,2276,3.321
23Set05,2277,3.321
26Set05,2278,3.32
27Set05,2279,3.321
28Set05,2280,3.333
29Set05,2281,3.35
30Set05,2282,3.345
03Oct05,2283,3.351
04Oct05,2284,3.351
05Oct05,2285,3.361
06Oct05,2286,3.368
07Oct05,2287,3.387
10Oct05,2288,3.366
11Oct05,2289,3.378
12Oct05,2290,3.395
13Oct05,2291,3.393
14Oct05,2292,3.392
17Oct05,2293,3.383
18Oct05,2294,3.388
19Oct05,2295,3.394
20Oct05,2296,3.394
21Oct05,2297,3.392
24Oct05,2298,3.393
25Oct05,2299,3.393
26Oct05,2300,3.391
27Oct05,2301,3.388
28Oct05,2302,3.382
31Oct05,2303,3.38
01Nov05,2304,2.6
02Nov05,2305,3.369
03Nov05,2306,3.361
04Nov05,2307,3.359
07Nov05,2308,3.359
08Nov05,2309,3.357
09Nov05,2310,3.363
10Nov05,2311,3.362
11Nov05,2312,3.359
14Nov05,2313,3.362
15Nov05,2314,3.364
16Nov05,2315,3.363
17Nov05,2316,3.366
18Nov05,2317,3.379
21Nov05,2318,3.384
22Nov05,2319,3.392
23Nov05,2320,3.389
24Nov05,2321,3.396
25Nov05,2322,3.397
28Nov05,2323,3.41
29Nov05,2324,3.414
30Nov05,2325,3.412
01Dic05,2326,3.417
02Dic05,2327,3.408
05Dic05,2328,3.412
06Dic05,2329,3.412
07Dic05,2330,3.412
08Dic05,2331,2.6
09Dic05,2332,3.41
12Dic05,2333,3.433
13Dic05,2334,3.441
14Dic05,2335,3.441
15Dic05,2336,3.441
16Dic05,2337,3.441
19Dic05,2338,3.439
20Dic05,2339,3.439
21Dic05,2340,3.439
22Dic05,2341,3.421
23Dic05,2342,3.411
26Dic05,2343,3.411
27Dic05,2344,3.422
28Dic05,2345,3.422
29Dic05,2346,3.428
30Dic05,2347,3.431
02Ene06,2348,3.429
03Ene06,2349,3.43
04Ene06,2350,3.438
05Ene06,2351,3.439
06Ene06,2352,3.442
09Ene06,2353,3.444
10Ene06,2354,3.444
11Ene06,2355,3.445
12Ene06,2356,3.445
13Ene06,2357,3.452
16Ene06,2358,3.443
17Ene06,2359,3.426
18Ene06,2360,3.386
19Ene06,2361,3.357
20Ene06,2362,3.357
23Ene06,2363,3.358
24Ene06,2364,3.336
25Ene06,2365,3.344
26Ene06,2366,3.321
27Ene06,2367,3.317
30Ene06,2368,3.307
31Ene06,2369,3.314
01Feb06,2370,3.31
02Feb06,2371,3.314
03Feb06,2372,3.301
06Feb06,2373,3.293
07Feb06,2374,3.289
08Feb06,2375,3.281
09Feb06,2376,3.287
10Feb06,2377,3.291
13Feb06,2378,3.288
14Feb06,2379,3.289
15Feb06,2380,3.289
16Feb06,2381,3.285
17Feb06,2382,3.284
20Feb06,2383,3.287
21Feb06,2384,3.282
22Feb06,2385,3.28
23Feb06,2386,3.282
24Feb06,2387,3.282
27Feb06,2388,3.285
28Feb06,2389,3.293
01Mar06,2390,3.306
02Mar06,2391,3.335
03Mar06,2392,3.329
06Mar06,2393,3.331
07Mar06,2394,3.333
08Mar06,2395,3.34
09Mar06,2396,3.329
10Mar06,2397,3.331
13Mar06,2398,3.347
14Mar06,2399,3.341
15Mar06,2400,3.335
16Mar06,2401,3.326
17Mar06,2402,3.327
20Mar06,2403,3.352
21Mar06,2404,3.35
22Mar06,2405,3.344
23Mar06,2406,3.36
24Mar06,2407,3.373
27Mar06,2408,3.357
28Mar06,2409,3.347
29Mar06,2410,3.324
30Mar06,2411,3.351
31Mar06,2412,3.358
03Abr06,2413,3.361
04Abr06,2414,3.361
05Abr06,2415,3.373
06Abr06,2416,3.364
07Abr06,2417,3.367
10Abr06,2418,3.323
11Abr06,2419,3.351
12Abr06,2420,3.329
13Abr06,2421,2.6
14Abr06,2422,2.6
17Abr06,2423,3.315
18Abr06,2424,3.309
19Abr06,2425,3.312
20Abr06,2426,3.316
21Abr06,2427,3.313
24Abr06,2428,3.318
25Abr06,2429,3.318
26Abr06,2430,3.317
27Abr06,2431,3.322
28Abr06,2432,3.312
01May06,2433,2.6
02May06,2434,3.303
03May06,2435,3.305
04May06,2436,3.297
05May06,2437,3.292
08May06,2438,3.291
09May06,2439,3.28
10May06,2440,3.282
11May06,2441,3.28
12May06,2442,3.28
15May06,2443,3.276
16May06,2444,3.273
17May06,2445,3.262
18May06,2446,3.261
19May06,2447,3.262
22May06,2448,3.268
23May06,2449,3.265
24May06,2450,3.268
25May06,2451,3.266
26May06,2452,3.271
29May06,2453,3.286
30May06,2454,3.298
31May06,2455,3.2933
01Jun06,2456,3.2786
02Jun06,2457,3.272
05Jun06,2458,3.256
06Jun06,2459,3.257
07Jun06,2460,3.262
08Jun06,2461,3.267
09Jun06,2462,3.261
12Jun06,2463,3.262
13Jun06,2464,3.263
14Jun06,2465,3.264
15Jun06,2466,3.264
16Jun06,2467,3.264
19Jun06,2468,3.264
20Jun06,2469,3.265
21Jun06,2470,3.264
22Jun06,2471,3.264
23Jun06,2472,3.269
26Jun06,2473,3.268
27Jun06,2474,3.268
28Jun06,2475,3.265
29Jun06,2476,2.6
30Jun06,2477,3.26
03Jul06,2478,3.26
04Jul06,2479,3.258
05Jul06,2480,3.257
06Jul06,2481,3.249
07Jul06,2482,3.24
10Jul06,2483,3.239
11Jul06,2484,3.24
12Jul06,2485,3.24
13Jul06,2486,3.24
14Jul06,2487,3.24
17Jul06,2488,3.24
18Jul06,2489,3.241
19Jul06,2490,3.242
20Jul06,2491,3.24
21Jul06,2492,3.241
24Jul06,2493,3.242
25Jul06,2494,3.24
26Jul06,2495,3.241
27Jul06,2496,3.242
28Jul06,2497,2.6
31Jul06,2498,3.242
01Ago06,2499,3.242
02Ago06,2500,3.243
03Ago06,2501,3.243
04Ago06,2502,3.241
07Ago06,2503,3.239
08Ago06,2504,3.229
09Ago06,2505,3.23
10Ago06,2506,3.229
11Ago06,2507,3.228
14Ago06,2508,3.229
15Ago06,2509,3.228
16Ago06,2510,3.226
17Ago06,2511,3.226
18Ago06,2512,3.227
21Ago06,2513,3.23
22Ago06,2514,3.234
23Ago06,2515,3.234
24Ago06,2516,3.236
25Ago06,2517,3.24
28Ago06,2518,3.244
29Ago06,2519,3.252
30Ago06,2520,2.6
31Ago06,2521,3.241
01Set06,2522,3.241
04Set06,2523,3.243
05Set06,2524,3.244
06Set06,2525,3.245
07Set06,2526,3.244
08Set06,2527,3.245
11Set06,2528,3.251
12Set06,2529,3.252
13Set06,2530,3.253
14Set06,2531,3.257
15Set06,2532,3.25
18Set06,2533,3.246
19Set06,2534,3.246
20Set06,2535,3.248
21Set06,2536,3.248
22Set06,2537,3.25
25Set06,2538,3.251
26Set06,2539,3.249
27Set06,2540,3.251
28Set06,2541,3.253
29Set06,2542,3.25
02Oct06,2543,3.25
03Oct06,2544,3.247
04Oct06,2545,3.249
05Oct06,2546,3.25
06Oct06,2547,3.249
09Oct06,2548,3.248
10Oct06,2549,3.245
11Oct06,2550,3.245
12Oct06,2551,3.245
13Oct06,2552,3.246
16Oct06,2553,3.245
17Oct06,2554,3.244
18Oct06,2555,3.244
19Oct06,2556,3.242
20Oct06,2557,3.233
23Oct06,2558,3.221
24Oct06,2559,3.223
25Oct06,2560,3.226
26Oct06,2561,3.228
27Oct06,2562,3.224
30Oct06,2563,3.217
31Oct06,2564,3.216
01Nov06,2565,2.6
02Nov06,2566,3.211
03Nov06,2567,3.217
06Nov06,2568,3.219
07Nov06,2569,3.218
08Nov06,2570,3.216
09Nov06,2571,3.217
10Nov06,2572,3.219
13Nov06,2573,3.219
14Nov06,2574,3.223
15Nov06,2575,3.231
16Nov06,2576,3.226
17Nov06,2577,3.227
20Nov06,2578,3.226
21Nov06,2579,3.226
22Nov06,2580,3.229
23Nov06,2581,3.226
24Nov06,2582,3.226
27Nov06,2583,3.226
28Nov06,2584,3.226
29Nov06,2585,3.223
30Nov06,2586,3.223
01Dic06,2587,3.218
04Dic06,2588,3.216
05Dic06,2589,3.213
06Dic06,2590,3.214
07Dic06,2591,3.212
08Dic06,2592,2.6
11Dic06,2593,3.209
12Dic06,2594,3.213
13Dic06,2595,3.211
14Dic06,2596,3.209
15Dic06,2597,3.204
18Dic06,2598,3.204
19Dic06,2599,3.204
20Dic06,2600,3.2
21Dic06,2601,3.198
22Dic06,2602,3.198
25Dic06,2603,2.6
26Dic06,2604,3.2
27Dic06,2605,3.197
28Dic06,2606,3.197
29Dic06,2607,3.197
01Ene07,2608,2.6
02Ene07,2609,3.193
03Ene07,2610,3.191
04Ene07,2611,3.192
05Ene07,2612,3.192
08Ene07,2613,3.192
09Ene07,2614,3.192
10Ene07,2615,3.194
11Ene07,2616,3.193
12Ene07,2617,3.191
15Ene07,2618,3.193
16Ene07,2619,3.19
17Ene07,2620,3.189
18Ene07,2621,3.188
19Ene07,2622,3.189
22Ene07,2623,3.189
23Ene07,2624,3.191
24Ene07,2625,3.194
25Ene07,2626,3.195
26Ene07,2627,3.198
29Ene07,2628,3.2
30Ene07,2629,3.202
31Ene07,2630,3.199
01Feb07,2631,3.197
02Feb07,2632,3.195
05Feb07,2633,3.195
06Feb07,2634,3.194
07Feb07,2635,3.191
08Feb07,2636,3.19
09Feb07,2637,3.192
12Feb07,2638,3.193
13Feb07,2639,3.192
14Feb07,2640,3.19
15Feb07,2641,3.189
16Feb07,2642,3.187
19Feb07,2643,3.188
20Feb07,2644,3.189
21Feb07,2645,3.189
22Feb07,2646,3.189
23Feb07,2647,3.189
26Feb07,2648,3.187
27Feb07,2649,3.189
28Feb07,2650,3.19
01Mar07,2651,3.191
02Mar07,2652,3.189
05Mar07,2653,3.189
06Mar07,2654,3.188
07Mar07,2655,3.187
08Mar07,2656,3.187
09Mar07,2657,3.187
12Mar07,2658,3.186
13Mar07,2659,3.186
14Mar07,2660,3.185
15Mar07,2661,3.185
16Mar07,2662,3.186
19Mar07,2663,3.188
20Mar07,2664,3.187
21Mar07,2665,3.187
22Mar07,2666,3.186
23Mar07,2667,3.185
26Mar07,2668,3.183
27Mar07,2669,3.182
28Mar07,2670,3.184
29Mar07,2671,3.184
30Mar07,2672,3.184
02Abr07,2673,3.183
03Abr07,2674,3.182
04Abr07,2675,3.181
05Abr07,2676,2.6
06Abr07,2677,2.6
09Abr07,2678,3.181
10Abr07,2679,3.182
11Abr07,2680,3.182
12Abr07,2681,3.181
13Abr07,2682,3.181
16Abr07,2683,3.18
17Abr07,2684,3.178
18Abr07,2685,3.178
19Abr07,2686,3.178
20Abr07,2687,3.178
23Abr07,2688,3.179
24Abr07,2689,3.177
25Abr07,2690,3.176
26Abr07,2691,3.174
27Abr07,2692,3.172
30Abr07,2693,3.172
01May07,2694,2.6
02May07,2695,3.172
03May07,2696,3.172
04May07,2697,3.166
07May07,2698,3.168
08May07,2699,3.167
09May07,2700,3.166
10May07,2701,3.168
11May07,2702,3.169
14May07,2703,3.169
15May07,2704,3.166
16May07,2705,3.165
17May07,2706,3.162
18May07,2707,3.158
21May07,2708,3.163
22May07,2709,3.164
23May07,2710,3.166
24May07,2711,3.169
25May07,2712,3.17
28May07,2713,3.173
29May07,2714,3.173
30May07,2715,3.176
31May07,2716,3.175
01Jun07,2717,3.172
04Jun07,2718,3.171
05Jun07,2719,3.169
06Jun07,2720,3.17
07Jun07,2721,3.173
08Jun07,2722,3.175
11Jun07,2723,3.171
12Jun07,2724,3.173
13Jun07,2725,3.171
14Jun07,2726,3.172
15Jun07,2727,3.169
18Jun07,2728,3.168
19Jun07,2729,3.168
20Jun07,2730,3.167
21Jun07,2731,3.169
22Jun07,2732,3.171
25Jun07,2733,3.172
26Jun07,2734,3.172
27Jun07,2735,3.171
28Jun07,2736,3.169
29Jun07,2737,2.6
02Jul07,2738,3.168
03Jul07,2739,3.167
04Jul07,2740,3.166
05Jul07,2741,3.165
06Jul07,2742,3.165
09Jul07,2743,3.164
10Jul07,2744,3.161
11Jul07,2745,3.159
12Jul07,2746,3.158
13Jul07,2747,3.158
16Jul07,2748,3.16
17Jul07,2749,3.159
18Jul07,2750,3.158
19Jul07,2751,3.158
20Jul07,2752,3.158
23Jul07,2753,3.158
24Jul07,2754,3.157
25Jul07,2755,3.159
26Jul07,2756,3.164
27Jul07,2757,3.164
30Jul07,2758,3.164
31Jul07,2759,3.161
01Ago07,2760,3.16
02Ago07,2761,3.159
03Ago07,2762,3.159
06Ago07,2763,3.158
07Ago07,2764,3.156
08Ago07,2765,3.152
09Ago07,2766,3.153
10Ago07,2767,3.149
13Ago07,2768,3.153
14Ago07,2769,3.146
15Ago07,2770,3.145
16Ago07,2771,3.166
17Ago07,2772,3.161
20Ago07,2773,3.156
21Ago07,2774,3.168
22Ago07,2775,3.166
23Ago07,2776,3.163
24Ago07,2777,3.165
27Ago07,2778,3.164
28Ago07,2779,3.166
29Ago07,2780,3.165
30Ago07,2781,2.6
31Ago07,2782,3.163
03Set07,2783,3.163
04Set07,2784,3.163
05Set07,2785,3.165
06Set07,2786,3.166
07Set07,2787,3.162
10Set07,2788,3.162
11Set07,2789,3.16
12Set07,2790,3.155
13Set07,2791,3.145
14Set07,2792,3.138
17Set07,2793,3.139
18Set07,2794,3.132
19Set07,2795,3.126
20Set07,2796,3.121
21Set07,2797,3.113
24Set07,2798,3.115
25Set07,2799,3.113
26Set07,2800,3.106
27Set07,2801,3.098
28Set07,2802,3.087
01Oct07,2803,3.065
02Oct07,2804,3.044
03Oct07,2805,3.026
04Oct07,2806,3.021
05Oct07,2807,3.021
08Oct07,2808,2.6
09Oct07,2809,3.019
10Oct07,2810,3.017
11Oct07,2811,3.012
12Oct07,2812,3.015
15Oct07,2813,3.017
16Oct07,2814,3.021
17Oct07,2815,3.018
18Oct07,2816,3.022
19Oct07,2817,3.023
22Oct07,2818,3.022
23Oct07,2819,3.019
24Oct07,2820,3.02
25Oct07,2821,3.018
26Oct07,2822,3.015
29Oct07,2823,3.012
30Oct07,2824,3.002
31Oct07,2825,2.998
01Nov07,2826,2.6
02Nov07,2827,3
05Nov07,2828,3.002
06Nov07,2829,3.006
07Nov07,2830,3.005
08Nov07,2831,3.003
09Nov07,2832,2.995
12Nov07,2833,2.994
13Nov07,2834,2.992
14Nov07,2835,2.997
15Nov07,2836,2.997
16Nov07,2837,2.997
19Nov07,2838,2.999
20Nov07,2839,2.999
21Nov07,2840,3.005
22Nov07,2841,3.004
23Nov07,2842,3.008
26Nov07,2843,3.016
27Nov07,2844,3.013
28Nov07,2845,3.001
29Nov07,2846,3.001
30Nov07,2847,3
03Dic07,2848,2.999
04Dic07,2849,3.001
05Dic07,2850,2.99
06Dic07,2851,2.982
07Dic07,2852,2.974
10Dic07,2853,2.974
11Dic07,2854,2.968
12Dic07,2855,2.97
13Dic07,2856,2.975
14Dic07,2857,2.976
17Dic07,2858,2.976
18Dic07,2859,2.978
19Dic07,2860,2.975
20Dic07,2861,2.976
21Dic07,2862,2.977
24Dic07,2863,2.981
25Dic07,2864,2.6
26Dic07,2865,2.98
27Dic07,2866,2.989
28Dic07,2867,2.994
31Dic07,2868,2.997
01Ene08,2869,2.6
02Ene08,2870,2.983
03Ene08,2871,2.971
04Ene08,2872,2.6
07Ene08,2873,2.97
08Ene08,2874,2.962
09Ene08,2875,2.959
10Ene08,2876,2.96
11Ene08,2877,2.943
14Ene08,2878,2.926
15Ene08,2879,2.935
16Ene08,2880,2.943
17Ene08,2881,2.959
18Ene08,2882,2.947
21Ene08,2883,2.968
22Ene08,2884,2.958
23Ene08,2885,2.952
24Ene08,2886,2.94
25Ene08,2887,2.935
28Ene08,2888,2.937
29Ene08,2889,2.935
30Ene08,2890,2.936
31Ene08,2891,2.934
01Feb08,2892,2.932
04Feb08,2893,2.929
05Feb08,2894,2.927
06Feb08,2895,2.923
07Feb08,2896,2.92
08Feb08,2897,2.91
11Feb08,2898,2.911
12Feb08,2899,2.907
13Feb08,2900,2.902
14Feb08,2901,2.9
15Feb08,2902,2.905
18Feb08,2903,2.905
19Feb08,2904,2.9
20Feb08,2905,2.9
21Feb08,2906,2.899
22Feb08,2907,2.898
25Feb08,2908,2.898
26Feb08,2909,2.895
27Feb08,2910,2.893
28Feb08,2911,2.891
29Feb08,2912,2.887
03Mar08,2913,2.885
04Mar08,2914,2.88
05Mar08,2915,2.872
06Mar08,2916,2.857
07Mar08,2917,2.843
10Mar08,2918,2.827
11Mar08,2919,2.811
12Mar08,2920,2.814
13Mar08,2921,2.814
14Mar08,2922,2.81
17Mar08,2923,2.812
18Mar08,2924,2.809
19Mar08,2925,2.796
20Mar08,2926,2.6
21Mar08,2927,2.6
24Mar08,2928,2.796
25Mar08,2929,2.786
26Mar08,2930,2.774
27Mar08,2931,2.755
28Mar08,2932,2.739
31Mar08,2933,2.746
01Abr08,2934,2.735
02Abr08,2935,2.723
03Abr08,2936,2.699
04Abr08,2937,2.693
07Abr08,2938,2.695
08Abr08,2939,2.694
09Abr08,2940,2.698
10Abr08,2941,2.712
11Abr08,2942,2.742
14Abr08,2943,2.728
15Abr08,2944,2.712
16Abr08,2945,2.705
17Abr08,2946,2.71
18Abr08,2947,2.724
21Abr08,2948,2.772
22Abr08,2949,2.824
23Abr08,2950,2.793
24Abr08,2951,2.783
25Abr08,2952,2.816
28Abr08,2953,2.836
29Abr08,2954,2.843
30Abr08,2955,2.851
01May08,2956,2.6
02May08,2957,2.79
05May08,2958,2.787
06May08,2959,2.79
07May08,2960,2.771
08May08,2961,2.762
09May08,2962,2.757
12May08,2963,2.762
13May08,2964,2.769
14May08,2965,2.763
15May08,2966,2.6
16May08,2967,2.6
19May08,2968,2.6
20May08,2969,2.805
21May08,2970,2.804
22May08,2971,2.828
23May08,2972,2.849
26May08,2973,2.85
27May08,2974,2.862
28May08,2975,2.868
29May08,2976,2.865
30May08,2977,2.845
02Jun08,2978,2.843
03Jun08,2979,2.832
04Jun08,2980,2.816
05Jun08,2981,2.803
06Jun08,2982,2.806
09Jun08,2983,2.826
10Jun08,2984,2.862
11Jun08,2985,2.886
12Jun08,2986,2.909
13Jun08,2987,2.892
16Jun08,2988,2.891
17Jun08,2989,2.885
18Jun08,2990,2.886
19Jun08,2991,2.912
20Jun08,2992,2.931
23Jun08,2993,2.941
24Jun08,2994,2.959
25Jun08,2995,2.969
26Jun08,2996,2.966
27Jun08,2997,2.968
30Jun08,2998,2.967
01Jul08,2999,2.964
02Jul08,3000,2.96
03Jul08,3001,2.915
04Jul08,3002,2.891
07Jul08,3003,2.857
08Jul08,3004,2.822
09Jul08,3005,2.811
10Jul08,3006,2.815
11Jul08,3007,2.825
14Jul08,3008,2.824
15Jul08,3009,2.836
16Jul08,3010,2.827
17Jul08,3011,2.83
18Jul08,3012,2.846
21Jul08,3013,2.842
22Jul08,3014,2.843
23Jul08,3015,2.836
24Jul08,3016,2.831
25Jul08,3017,2.82
28Jul08,3018,2.6
29Jul08,3019,2.6
30Jul08,3020,2.823
31Jul08,3021,2.816
01Ago08,3022,2.811
04Ago08,3023,2.778
05Ago08,3024,2.785
06Ago08,3025,2.793
07Ago08,3026,2.812
08Ago08,3027,2.847
11Ago08,3028,2.886
12Ago08,3029,2.914
13Ago08,3030,2.94
14Ago08,3031,2.929
15Ago08,3032,2.946
18Ago08,3033,2.93
19Ago08,3034,2.925
20Ago08,3035,2.911
21Ago08,3036,2.899
22Ago08,3037,2.914
25Ago08,3038,2.931
26Ago08,3039,2.947
27Ago08,3040,2.955
28Ago08,3041,2.956
29Ago08,3042,2.953
01Set08,3043,2.957
02Set08,3044,2.961
03Set08,3045,2.966
04Set08,3046,2.968
05Set08,3047,2.97
08Set08,3048,2.974
09Set08,3049,2.975
10Set08,3050,2.973
11Set08,3051,2.974
12Set08,3052,2.963
15Set08,3053,2.974
16Set08,3054,2.976
17Set08,3055,2.976
18Set08,3056,2.974
19Set08,3057,2.951
22Set08,3058,2.944
23Set08,3059,2.945
24Set08,3060,2.959
25Set08,3061,2.96
26Set08,3062,2.971
29Set08,3063,2.981
30Set08,3064,2.977
01Oct08,3065,2.983
02Oct08,3066,3.003
03Oct08,3067,3.003
06Oct08,3068,3.072
07Oct08,3069,3.11
08Oct08,3070,2.6
09Oct08,3071,3.16
10Oct08,3072,3.117
13Oct08,3073,3.063
14Oct08,3074,3.045
15Oct08,3075,3.073
16Oct08,3076,3.071
17Oct08,3077,3.065
20Oct08,3078,3.058
21Oct08,3079,3.076
22Oct08,3080,3.107
23Oct08,3081,3.098
24Oct08,3082,3.106
27Oct08,3083,3.108
28Oct08,3084,3.104
29Oct08,3085,3.093
30Oct08,3086,3.092
31Oct08,3087,3.09
03Nov08,3088,3.08
04Nov08,3089,3.076
05Nov08,3090,3.075
06Nov08,3091,3.086
07Nov08,3092,3.087
10Nov08,3093,3.086
11Nov08,3094,3.092
12Nov08,3095,3.103
13Nov08,3096,3.108
14Nov08,3097,3.097
17Nov08,3098,3.103
18Nov08,3099,3.103
19Nov08,3100,3.105
20Nov08,3101,2.6
21Nov08,3102,2.6
24Nov08,3103,3.094
25Nov08,3104,3.093
26Nov08,3105,3.095
27Nov08,3106,3.092
28Nov08,3107,3.096
01Dic08,3108,3.102
02Dic08,3109,3.111
03Dic08,3110,3.118
04Dic08,3111,3.116
05Dic08,3112,3.12
08Dic08,3113,2.6
09Dic08,3114,3.117
10Dic08,3115,3.115
11Dic08,3116,3.109
12Dic08,3117,3.112
15Dic08,3118,3.105
16Dic08,3119,3.092
17Dic08,3120,3.078
18Dic08,3121,3.091
19Dic08,3122,3.105
22Dic08,3123,3.113
23Dic08,3124,3.13
24Dic08,3125,3.144
25Dic08,3126,2.6
26Dic08,3127,2.6
29Dic08,3128,3.135
30Dic08,3129,3.14
31Dic08,3130,3.142
01Ene09,3131,2.6
02Ene09,3132,2.6
05Ene09,3133,3.14
06Ene09,3134,3.134
07Ene09,3135,3.142
08Ene09,3136,3.142
09Ene09,3137,3.134
12Ene09,3138,3.14
13Ene09,3139,3.149
14Ene09,3140,3.151
15Ene09,3141,3.15
16Ene09,3142,3.147
19Ene09,3143,3.153
20Ene09,3144,3.158
21Ene09,3145,3.154
22Ene09,3146,3.154
23Ene09,3147,3.161
26Ene09,3148,3.16
27Ene09,3149,3.162
28Ene09,3150,3.163
29Ene09,3151,3.167
30Ene09,3152,3.174
02Feb09,3153,3.192
03Feb09,3154,3.215
04Feb09,3155,3.239
05Feb09,3156,3.242
06Feb09,3157,3.23
09Feb09,3158,3.22
10Feb09,3159,3.234
11Feb09,3160,3.239
12Feb09,3161,3.233
13Feb09,3162,3.23
16Feb09,3163,3.236
17Feb09,3164,3.245
18Feb09,3165,3.244
19Feb09,3166,3.247
20Feb09,3167,3.25
23Feb09,3168,3.249
24Feb09,3169,3.251
25Feb09,3170,3.247
26Feb09,3171,3.243
27Feb09,3172,3.251
02Mar09,3173,3.255
03Mar09,3174,3.259
04Mar09,3175,3.254
05Mar09,3176,3.254
06Mar09,3177,3.234
09Mar09,3178,3.222
10Mar09,3179,3.195
11Mar09,3180,3.179
12Mar09,3181,3.185
13Mar09,3182,3.176
16Mar09,3183,3.15
17Mar09,3184,3.147
18Mar09,3185,3.147
19Mar09,3186,3.111
20Mar09,3187,3.112
23Mar09,3188,3.121
24Mar09,3189,3.135
25Mar09,3190,3.135
26Mar09,3191,3.13
27Mar09,3192,3.137
30Mar09,3193,3.16
31Mar09,3194,3.161
01Abr09,3195,3.148
02Abr09,3196,3.125
03Abr09,3197,3.124
06Abr09,3198,3.114
07Abr09,3199,3.116
08Abr09,3200,3.109
09Abr09,3201,2.6
10Abr09,3202,2.6
13Abr09,3203,3.091
14Abr09,3204,3.092
15Abr09,3205,3.094
16Abr09,3206,3.078
17Abr09,3207,3.08
20Abr09,3208,3.094
21Abr09,3209,3.09
22Abr09,3210,3.084
23Abr09,3211,3.081
24Abr09,3212,3.062
27Abr09,3213,3.06
28Abr09,3214,3.053
29Abr09,3215,3.025
30Abr09,3216,2.995
01May09,3217,2.6
04May09,3218,2.974
05May09,3219,2.973
06May09,3220,2.964
07May09,3221,2.958
08May09,3222,2.955
11May09,3223,2.965
12May09,3224,2.985
13May09,3225,3.044
14May09,3226,3.028
15May09,3227,3.021
18May09,3228,3.012
19May09,3229,3.004
20May09,3230,2.988
21May09,3231,3
22May09,3232,3.001
25May09,3233,3.006
26May09,3234,3.004
27May09,3235,3.004
28May09,3236,3.007
29May09,3237,2.995
01Jun09,3238,2.97
02Jun09,3239,2.968
03Jun09,3240,2.975
04Jun09,3241,2.972
05Jun09,3242,2.967
08Jun09,3243,2.979
09Jun09,3244,2.981
10Jun09,3245,2.982
11Jun09,3246,2.979
12Jun09,3247,2.977
15Jun09,3248,2.982
16Jun09,3249,2.987
17Jun09,3250,3.001
18Jun09,3251,2.994
19Jun09,3252,2.983
22Jun09,3253,3.024
23Jun09,3254,3.024
24Jun09,3255,3.018
25Jun09,3256,3.024
26Jun09,3257,3.013
29Jun09,3258,2.6
30Jun09,3259,3.011
01Jul09,3260,3.006
02Jul09,3261,3.016
03Jul09,3262,3.017
06Jul09,3263,3.022
07Jul09,3264,3.018
08Jul09,3265,3.028
09Jul09,3266,3.025
10Jul09,3267,3.03
13Jul09,3268,3.027
14Jul09,3269,3.023
15Jul09,3270,3.016
16Jul09,3271,3.012
17Jul09,3272,3.01
20Jul09,3273,3.012
21Jul09,3274,3.015
22Jul09,3275,3.008
23Jul09,3276,3.004
24Jul09,3277,2.998
27Jul09,3278,2.6
28Jul09,3279,2.6
29Jul09,3280,2.6
30Jul09,3281,2.989
31Jul09,3282,2.987
03Ago09,3283,2.975
04Ago09,3284,2.965
05Ago09,3285,2.954
06Ago09,3286,2.949
07Ago09,3287,2.937
10Ago09,3288,2.935
11Ago09,3289,2.944
12Ago09,3290,2.931
13Ago09,3291,2.929
14Ago09,3292,2.944
17Ago09,3293,2.961
18Ago09,3294,2.951
19Ago09,3295,2.962
20Ago09,3296,2.962
21Ago09,3297,2.953
24Ago09,3298,2.964
25Ago09,3299,2.962
26Ago09,3300,2.956
27Ago09,3301,2.954
28Ago09,3302,2.94
31Ago09,3303,2.948
01Set09,3304,2.952
02Set09,3305,2.949
03Set09,3306,2.944
04Set09,3307,2.936
07Set09,3308,2.932
08Set09,3309,2.92
09Set09,3310,2.922
10Set09,3311,2.928
11Set09,3312,2.925
14Set09,3313,2.923
15Set09,3314,2.919
16Set09,3315,2.902
17Set09,3316,2.898
18Set09,3317,2.895
21Set09,3318,2.902
22Set09,3319,2.89
23Set09,3320,2.871
24Set09,3321,2.878
25Set09,3322,2.882
28Set09,3323,2.883
29Set09,3324,2.891
30Set09,3325,2.885
01Oct09,3326,2.891
02Oct09,3327,2.885
05Oct09,3328,2.872
06Oct09,3329,2.864
07Oct09,3330,2.867
08Oct09,3331,2.6
09Oct09,3332,2.6
12Oct09,3333,2.858
13Oct09,3334,2.857
14Oct09,3335,2.856
15Oct09,3336,2.856
16Oct09,3337,2.855
19Oct09,3338,2.853
20Oct09,3339,2.863
21Oct09,3340,2.858
22Oct09,3341,2.863
23Oct09,3342,2.868
26Oct09,3343,2.879
27Oct09,3344,2.899
28Oct09,3345,2.906
29Oct09,3346,2.896
30Oct09,3347,2.906
02Nov09,3348,2.902
03Nov09,3349,2.913
04Nov09,3350,2.901
05Nov09,3351,2.898
06Nov09,3352,2.9
09Nov09,3353,2.89
10Nov09,3354,2.888
11Nov09,3355,2.877
12Nov09,3356,2.88
13Nov09,3357,2.878
16Nov09,3358,2.873
17Nov09,3359,2.87
18Nov09,3360,2.867
19Nov09,3361,2.874
20Nov09,3362,2.882
23Nov09,3363,2.874
24Nov09,3364,2.883
25Nov09,3365,2.881
26Nov09,3366,2.895
27Nov09,3367,2.891
30Nov09,3368,2.881
01Dic09,3369,2.876
02Dic09,3370,2.88
03Dic09,3371,2.876
04Dic09,3372,2.872
07Dic09,3373,2.869
08Dic09,3374,2.6
09Dic09,3375,2.875
10Dic09,3376,2.872
11Dic09,3377,2.875
14Dic09,3378,2.874
15Dic09,3379,2.874
16Dic09,3380,2.87
17Dic09,3381,2.879
18Dic09,3382,2.885
21Dic09,3383,2.884
22Dic09,3384,2.882
23Dic09,3385,2.884
24Dic09,3386,2.6
25Dic09,3387,2.6
28Dic09,3388,2.884
29Dic09,3389,2.887
30Dic09,3390,2.891
31Dic09,3391,2.6
01Ene10,3392,2.6
04Ene10,3393,2.885
05Ene10,3394,2.873
06Ene10,3395,2.87
07Ene10,3396,2.867
08Ene10,3397,2.854
11Ene10,3398,2.85
12Ene10,3399,2.849
13Ene10,3400,2.847
14Ene10,3401,2.848
15Ene10,3402,2.85
18Ene10,3403,2.852
19Ene10,3404,2.854
20Ene10,3405,2.855
21Ene10,3406,2.852
22Ene10,3407,2.853
25Ene10,3408,2.852
26Ene10,3409,2.856
27Ene10,3410,2.862
28Ene10,3411,2.86
29Ene10,3412,2.857
01Feb10,3413,2.854
02Feb10,3414,2.85
03Feb10,3415,2.853
04Feb10,3416,2.86
05Feb10,3417,2.865
08Feb10,3418,2.873
09Feb10,3419,2.864
10Feb10,3420,2.859
11Feb10,3421,2.853
12Feb10,3422,2.856
15Feb10,3423,2.855
16Feb10,3424,2.85
17Feb10,3425,2.849
18Feb10,3426,2.851
19Feb10,3427,2.852
22Feb10,3428,2.851
23Feb10,3429,2.851
24Feb10,3430,2.85
25Feb10,3431,2.851
26Feb10,3432,2.849
01Mar10,3433,2.846
02Mar10,3434,2.846
03Mar10,3435,2.844
04Mar10,3436,2.844
05Mar10,3437,2.841
08Mar10,3438,2.841
09Mar10,3439,2.842
10Mar10,3440,2.841
11Mar10,3441,2.839
12Mar10,3442,2.838
15Mar10,3443,2.84
16Mar10,3444,2.838
17Mar10,3445,2.837
18Mar10,3446,2.838
19Mar10,3447,2.838
22Mar10,3448,2.838
23Mar10,3449,2.838
24Mar10,3450,2.837
25Mar10,3451,2.838
26Mar10,3452,2.84
29Mar10,3453,2.841
30Mar10,3454,2.84
31Mar10,3455,2.842
01Abr10,3456,2.6
02Abr10,3457,2.6
05Abr10,3458,2.84
06Abr10,3459,2.839
07Abr10,3460,2.838
08Abr10,3461,2.837
09Abr10,3462,2.837
12Abr10,3463,2.835
13Abr10,3464,2.836
14Abr10,3465,2.835
15Abr10,3466,2.836
16Abr10,3467,2.837
19Abr10,3468,2.837
20Abr10,3469,2.839
21Abr10,3470,2.841
22Abr10,3471,2.846
23Abr10,3472,2.843
26Abr10,3473,2.847
27Abr10,3474,2.848
28Abr10,3475,2.847
29Abr10,3476,2.846
30Abr10,3477,2.849
03May10,3478,2.846
04May10,3479,2.849
05May10,3480,2.851
06May10,3481,2.851
07May10,3482,2.853
10May10,3483,2.846
11May10,3484,2.846
12May10,3485,2.839
13May10,3486,2.838
14May10,3487,2.841
17May10,3488,2.842
18May10,3489,2.841
19May10,3490,2.845
20May10,3491,2.851
21May10,3492,2.846
24May10,3493,2.848
25May10,3494,2.85
26May10,3495,2.846
27May10,3496,2.848
28May10,3497,2.847
31May10,3498,2.845
01Jun10,3499,2.845
02Jun10,3500,2.845
03Jun10,3501,2.846
04Jun10,3502,2.849
07Jun10,3503,2.85
08Jun10,3504,2.848
09Jun10,3505,2.846
10Jun10,3506,2.846
11Jun10,3507,2.845
14Jun10,3508,2.843
15Jun10,3509,2.839
16Jun10,3510,2.839
17Jun10,3511,2.836
18Jun10,3512,2.831
21Jun10,3513,2.827
22Jun10,3514,2.827
23Jun10,3515,2.829
24Jun10,3516,2.828
25Jun10,3517,2.827
28Jun10,3518,2.6
29Jun10,3519,2.6
30Jun10,3520,2.827
01Jul10,3521,2.827
02Jul10,3522,2.826
05Jul10,3523,2.824
06Jul10,3524,2.825
07Jul10,3525,2.824
08Jul10,3526,2.823
09Jul10,3527,2.824
12Jul10,3528,2.824
13Jul10,3529,2.821
14Jul10,3530,2.815
15Jul10,3531,2.82
16Jul10,3532,2.824
19Jul10,3533,2.823
20Jul10,3534,2.825
21Jul10,3535,2.826
22Jul10,3536,2.823
23Jul10,3537,2.823
26Jul10,3538,2.824
27Jul10,3539,2.824
28Jul10,3540,2.6
29Jul10,3541,2.6
30Jul10,3542,2.6
02Ago10,3543,2.818
03Ago10,3544,2.812
04Ago10,3545,2.804
05Ago10,3546,2.801
06Ago10,3547,2.801
09Ago10,3548,2.802
10Ago10,3549,2.805
11Ago10,3550,2.807
12Ago10,3551,2.805
13Ago10,3552,2.806
16Ago10,3553,2.803
17Ago10,3554,2.8
18Ago10,3555,2.798
19Ago10,3556,2.8
20Ago10,3557,2.8
23Ago10,3558,2.8
24Ago10,3559,2.799
25Ago10,3560,2.799
26Ago10,3561,2.796
27Ago10,3562,2.799
30Ago10,3563,2.6
31Ago10,3564,2.798
01Set10,3565,2.795
02Set10,3566,2.796
03Set10,3567,2.795
06Set10,3568,2.793
07Set10,3569,2.795
08Set10,3570,2.794
09Set10,3571,2.793
10Set10,3572,2.79
13Set10,3573,2.788
14Set10,3574,2.788
15Set10,3575,2.789
16Set10,3576,2.789
17Set10,3577,2.79
20Set10,3578,2.793
21Set10,3579,2.792
22Set10,3580,2.79
23Set10,3581,2.789
24Set10,3582,2.788
27Set10,3583,2.79
28Set10,3584,2.791
29Set10,3585,2.788
30Set10,3586,2.788
01Oct10,3587,2.789
04Oct10,3588,2.791
05Oct10,3589,2.787
06Oct10,3590,2.79
07Oct10,3591,2.789
08Oct10,3592,2.6
11Oct10,3593,2.788
12Oct10,3594,2.787
13Oct10,3595,2.787
14Oct10,3596,2.789
15Oct10,3597,2.794
18Oct10,3598,2.793
19Oct10,3599,2.794
20Oct10,3600,2.792
21Oct10,3601,2.793
22Oct10,3602,2.796
25Oct10,3603,2.793
26Oct10,3604,2.794
27Oct10,3605,2.798
28Oct10,3606,2.799
29Oct10,3607,2.798
01Nov10,3608,2.6
02Nov10,3609,2.795
03Nov10,3610,2.794
04Nov10,3611,2.793
05Nov10,3612,2.793
08Nov10,3613,2.796
09Nov10,3614,2.798
10Nov10,3615,2.801
11Nov10,3616,2.8
12Nov10,3617,2.802
15Nov10,3618,2.806
16Nov10,3619,2.809
17Nov10,3620,2.811
18Nov10,3621,2.806
19Nov10,3622,2.807
22Nov10,3623,2.81
23Nov10,3624,2.812
24Nov10,3625,2.81
25Nov10,3626,2.811
26Nov10,3627,2.817
29Nov10,3628,2.826
30Nov10,3629,2.832
01Dic10,3630,2.828
02Dic10,3631,2.828
03Dic10,3632,2.826
06Dic10,3633,2.824
07Dic10,3634,2.819
08Dic10,3635,2.6
09Dic10,3636,2.824
10Dic10,3637,2.827
13Dic10,3638,2.826
14Dic10,3639,2.821
15Dic10,3640,2.819
16Dic10,3641,2.82
17Dic10,3642,2.819
20Dic10,3643,2.813
21Dic10,3644,2.806
22Dic10,3645,2.805
23Dic10,3646,2.801
24Dic10,3647,2.6
27Dic10,3648,2.8
28Dic10,3649,2.803
29Dic10,3650,2.809
30Dic10,3651,2.809
31Dic10,3652,2.6
03Ene11,3653,2.803
04Ene11,3654,2.801
05Ene11,3655,2.803
06Ene11,3656,2.805
07Ene11,3657,2.807
10Ene11,3658,2.806
11Ene11,3659,2.801
12Ene11,3660,2.794
13Ene11,3661,2.788
14Ene11,3662,2.789
17Ene11,3663,2.788
18Ene11,3664,2.786
19Ene11,3665,2.78
20Ene11,3666,2.776
21Ene11,3667,2.774
24Ene11,3668,2.774
25Ene11,3669,2.776
26Ene11,3670,2.773
27Ene11,3671,2.772
28Ene11,3672,2.775
31Ene11,3673,2.773
01Feb11,3674,2.769
02Feb11,3675,2.768
03Feb11,3676,2.768
04Feb11,3677,2.768
07Feb11,3678,2.767
08Feb11,3679,2.768
09Feb11,3680,2.768
10Feb11,3681,2.768
11Feb11,3682,2.766
14Feb11,3683,2.767
15Feb11,3684,2.77
16Feb11,3685,2.771
17Feb11,3686,2.768
18Feb11,3687,2.767
21Feb11,3688,2.77
22Feb11,3689,2.775
23Feb11,3690,2.792
24Feb11,3691,2.782
25Feb11,3692,2.776
28Feb11,3693,2.775
01Mar11,3694,2.778
02Mar11,3695,2.775
03Mar11,3696,2.771
04Mar11,3697,2.77
07Mar11,3698,2.77
08Mar11,3699,2.771
09Mar11,3700,2.77
10Mar11,3701,2.77
11Mar11,3702,2.769
14Mar11,3703,2.77
15Mar11,3704,2.77
16Mar11,3705,2.77
17Mar11,3706,2.769
18Mar11,3707,2.767
21Mar11,3708,2.781
22Mar11,3709,2.782
23Mar11,3710,2.778
24Mar11,3711,2.778
25Mar11,3712,2.788
28Mar11,3713,2.812
29Mar11,3714,2.813
30Mar11,3715,2.81
31Mar11,3716,2.805
01Abr11,3717,2.807
04Abr11,3718,2.81
05Abr11,3719,2.81
06Abr11,3720,2.81
07Abr11,3721,2.805
08Abr11,3722,2.8
11Abr11,3723,2.8
12Abr11,3724,2.808
13Abr11,3725,2.815
14Abr11,3726,2.822
15Abr11,3727,2.824
18Abr11,3728,2.823
19Abr11,3729,2.823
20Abr11,3730,2.822
21Abr11,3731,2.6
22Abr11,3732,2.6
25Abr11,3733,2.823
26Abr11,3734,2.827
27Abr11,3735,2.834
28Abr11,3736,2.825
29Abr11,3737,2.821
02May11,3738,2.6
03May11,3739,2.83
04May11,3740,2.821
05May11,3741,2.818
06May11,3742,2.803
09May11,3743,2.793
10May11,3744,2.792
11May11,3745,2.794
12May11,3746,2.784
13May11,3747,2.767
16May11,3748,2.761
17May11,3749,2.762
18May11,3750,2.755
19May11,3751,2.755
20May11,3752,2.756
23May11,3753,2.758
24May11,3754,2.753
25May11,3755,2.751
26May11,3756,2.748
27May11,3757,2.752
30May11,3758,2.767
31May11,3759,2.767
01Jun11,3760,2.777
02Jun11,3761,2.768
03Jun11,3762,2.763
06Jun11,3763,2.787
07Jun11,3764,2.788
08Jun11,3765,2.782
09Jun11,3766,2.764
10Jun11,3767,2.764
13Jun11,3768,2.76
14Jun11,3769,2.763
15Jun11,3770,2.762
16Jun11,3771,2.761
17Jun11,3772,2.761
20Jun11,3773,2.76
21Jun11,3774,2.756
22Jun11,3775,2.757
23Jun11,3776,2.76
24Jun11,3777,2.761
27Jun11,3778,2.759
28Jun11,3779,2.756
29Jun11,3780,2.6
30Jun11,3781,2.75
01Jul11,3782,2.748
04Jul11,3783,2.75
05Jul11,3784,2.75
06Jul11,3785,2.749
07Jul11,3786,2.744
08Jul11,3787,2.745
11Jul11,3788,2.745
12Jul11,3789,2.743
13Jul11,3790,2.738
14Jul11,3791,2.742
15Jul11,3792,2.742
18Jul11,3793,2.738
19Jul11,3794,2.737
20Jul11,3795,2.739
21Jul11,3796,2.736
22Jul11,3797,2.738
25Jul11,3798,2.737
26Jul11,3799,2.737
27Jul11,3800,2.738
28Jul11,3801,2.6
29Jul11,3802,2.6
01Ago11,3803,2.743
02Ago11,3804,2.744
03Ago11,3805,2.743
04Ago11,3806,2.742
05Ago11,3807,2.742
08Ago11,3808,2.753
09Ago11,3809,2.748
10Ago11,3810,2.752
11Ago11,3811,2.745
12Ago11,3812,2.742
15Ago11,3813,2.742
16Ago11,3814,2.741
17Ago11,3815,2.739
18Ago11,3816,2.74
19Ago11,3817,2.736
22Ago11,3818,2.732
23Ago11,3819,2.733
24Ago11,3820,2.733
25Ago11,3821,2.732
26Ago11,3822,2.731
29Ago11,3823,2.6
30Ago11,3824,2.6
31Ago11,3825,2.727
01Set11,3826,2.728
02Set11,3827,2.731
05Set11,3828,2.732
06Set11,3829,2.73
07Set11,3830,2.726
08Set11,3831,2.725
09Set11,3832,2.727
12Set11,3833,2.729
13Set11,3834,2.735
14Set11,3835,2.731
15Set11,3836,2.731
16Set11,3837,2.732
19Set11,3838,2.739
20Set11,3839,2.741
21Set11,3840,2.747
22Set11,3841,2.776
23Set11,3842,2.771
26Set11,3843,2.77
27Set11,3844,2.766
28Set11,3845,2.766
29Set11,3846,2.769
30Set11,3847,2.773
03Oct11,3848,2.774
04Oct11,3849,2.777
05Oct11,3850,2.771
06Oct11,3851,2.754
07Oct11,3852,2.744
10Oct11,3853,2.732
11Oct11,3854,2.73
12Oct11,3855,2.726
13Oct11,3856,2.727
14Oct11,3857,2.721
17Oct11,3858,2.723
18Oct11,3859,2.723
19Oct11,3860,2.722
20Oct11,3861,2.727
21Oct11,3862,2.721
24Oct11,3863,2.721
25Oct11,3864,2.717
26Oct11,3865,2.719
27Oct11,3866,2.711
28Oct11,3867,2.708
31Oct11,3868,2.6
01Nov11,3869,2.6
02Nov11,3870,2.712
03Nov11,3871,2.709
04Nov11,3872,2.708
07Nov11,3873,2.705
08Nov11,3874,2.704
09Nov11,3875,2.707
10Nov11,3876,2.709
11Nov11,3877,2.704
14Nov11,3878,2.705
15Nov11,3879,2.706
16Nov11,3880,2.703
17Nov11,3881,2.701
18Nov11,3882,2.7
21Nov11,3883,2.702
22Nov11,3884,2.702
23Nov11,3885,2.706
24Nov11,3886,2.707
25Nov11,3887,2.713
28Nov11,3888,2.709
29Nov11,3889,2.706
30Nov11,3890,2.7
01Dic11,3891,2.699
02Dic11,3892,2.699
05Dic11,3893,2.698
06Dic11,3894,2.698
07Dic11,3895,2.697
08Dic11,3896,2.6
09Dic11,3897,2.697
12Dic11,3898,2.701
13Dic11,3899,2.696
14Dic11,3900,2.697
15Dic11,3901,2.696
16Dic11,3902,2.697
19Dic11,3903,2.698
20Dic11,3904,2.695
21Dic11,3905,2.695
22Dic11,3906,2.694
23Dic11,3907,2.6
26Dic11,3908,2.695
27Dic11,3909,2.696
28Dic11,3910,2.696
29Dic11,3911,2.697
30Dic11,3912,2.6
02Ene12,3913,2.7
03Ene12,3914,2.696
04Ene12,3915,2.697
05Ene12,3916,2.695
06Ene12,3917,2.694
09Ene12,3918,2.694
10Ene12,3919,2.692
11Ene12,3920,2.693
12Ene12,3921,2.692
13Ene12,3922,2.694
16Ene12,3923,2.694
17Ene12,3924,2.693
18Ene12,3925,2.693
19Ene12,3926,2.693
20Ene12,3927,2.693
23Ene12,3928,2.691
24Ene12,3929,2.692
25Ene12,3930,2.693
26Ene12,3931,2.691
27Ene12,3932,2.691
30Ene12,3933,2.691
31Ene12,3934,2.691
01Feb12,3935,2.689
02Feb12,3936,2.691
03Feb12,3937,2.69
06Feb12,3938,2.689
07Feb12,3939,2.688
08Feb12,3940,2.689
09Feb12,3941,2.688
10Feb12,3942,2.685
13Feb12,3943,2.686
14Feb12,3944,2.686
15Feb12,3945,2.686
16Feb12,3946,2.683
17Feb12,3947,2.682
20Feb12,3948,2.681
21Feb12,3949,2.68
22Feb12,3950,2.68
23Feb12,3951,2.68
24Feb12,3952,2.68
27Feb12,3953,2.679
28Feb12,3954,2.679
29Feb12,3955,2.678
01Mar12,3956,2.678
02Mar12,3957,2.676
05Mar12,3958,2.676
06Mar12,3959,2.676
07Mar12,3960,2.675
08Mar12,3961,2.672
09Mar12,3962,2.669
12Mar12,3963,2.669
13Mar12,3964,2.67
14Mar12,3965,2.67
15Mar12,3966,2.672
16Mar12,3967,2.671
19Mar12,3968,2.671
20Mar12,3969,2.671
21Mar12,3970,2.671
22Mar12,3971,2.67
23Mar12,3972,2.67
26Mar12,3973,2.671
27Mar12,3974,2.671
28Mar12,3975,2.669
29Mar12,3976,2.669
30Mar12,3977,2.668
02Abr12,3978,2.668
03Abr12,3979,2.668
04Abr12,3980,2.668
05Abr12,3981,2.6
06Abr12,3982,2.6
09Abr12,3983,2.667
10Abr12,3984,2.667
11Abr12,3985,2.665
12Abr12,3986,2.66
13Abr12,3987,2.658
16Abr12,3988,2.657
17Abr12,3989,2.657
18Abr12,3990,2.655
19Abr12,3991,2.654
20Abr12,3992,2.652
23Abr12,3993,2.652
24Abr12,3994,2.652
25Abr12,3995,2.65
26Abr12,3996,2.647
27Abr12,3997,2.641
30Abr12,3998,2.6
01May12,3999,2.6
02May12,4000,2.638
03May12,4001,2.64
04May12,4002,2.645
07May12,4003,2.639
08May12,4004,2.643
09May12,4005,2.646
10May12,4006,2.648
11May12,4007,2.655
14May12,4008,2.664
15May12,4009,2.67
16May12,4010,2.667
17May12,4011,2.672
18May12,4012,2.669
21May12,4013,2.67
22May12,4014,2.672
23May12,4015,2.689
24May12,4016,2.694
25May12,4017,2.701
28May12,4018,2.7
29May12,4019,2.701
30May12,4020,2.706
31May12,4021,2.71
01Jun12,4022,2.709
04Jun12,4023,2.704
05Jun12,4024,2.702
06Jun12,4025,2.683
07Jun12,4026,2.675
08Jun12,4027,2.683
11Jun12,4028,2.682
12Jun12,4029,2.684
13Jun12,4030,2.678
14Jun12,4031,2.672
15Jun12,4032,2.665
18Jun12,4033,2.642
19Jun12,4034,2.642
20Jun12,4035,2.641
21Jun12,4036,2.653
22Jun12,4037,2.653
25Jun12,4038,2.659
26Jun12,4039,2.663
27Jun12,4040,2.662
28Jun12,4041,2.671
29Jun12,4042,2.6
02Jul12,4043,2.655
03Jul12,4044,2.647
04Jul12,4045,2.646
05Jul12,4046,2.65
06Jul12,4047,2.65
09Jul12,4048,2.641
10Jul12,4049,2.634
11Jul12,4050,2.633
12Jul12,4051,2.633
13Jul12,4052,2.628
16Jul12,4053,2.624
17Jul12,4054,2.62
18Jul12,4055,2.62
19Jul12,4056,2.621
20Jul12,4057,2.631
23Jul12,4058,2.651
24Jul12,4059,2.642
25Jul12,4060,2.638
26Jul12,4061,2.633
27Jul12,4062,2.6
30Jul12,4063,2.625
31Jul12,4064,2.629
01Ago12,4065,2.625
02Ago12,4066,2.63
03Ago12,4067,2.622
06Ago12,4068,2.619
07Ago12,4069,2.62
08Ago12,4070,2.618
09Ago12,4071,2.617
10Ago12,4072,2.618
13Ago12,4073,2.618
14Ago12,4074,2.616
15Ago12,4075,2.615
16Ago12,4076,2.614
17Ago12,4077,2.613
20Ago12,4078,2.613
21Ago12,4079,2.612
22Ago12,4080,2.613
23Ago12,4081,2.615
24Ago12,4082,2.614
27Ago12,4083,2.613
28Ago12,4084,2.612
29Ago12,4085,2.61
30Ago12,4086,2.6
31Ago12,4087,2.6
03Set12,4088,2.608
04Set12,4089,2.608
05Set12,4090,2.611
06Set12,4091,2.611
07Set12,4092,2.61
10Set12,4093,2.609
11Set12,4094,2.608
12Set12,4095,2.606
13Set12,4096,2.604
14Set12,4097,2.598
17Set12,4098,2.601
18Set12,4099,2.602
19Set12,4100,2.602
20Set12,4101,2.603
21Set12,4102,2.601
24Set12,4103,2.599
25Set12,4104,2.596
26Set12,4105,2.597
27Set12,4106,2.594
28Set12,4107,2.598
01Oct12,4108,2.6
02Oct12,4109,2.6
03Oct12,4110,2.599
04Oct12,4111,2.597
05Oct12,4112,2.594
08Oct12,4113,2.6
09Oct12,4114,2.588
10Oct12,4115,2.585
11Oct12,4116,2.586
12Oct12,4117,2.587
15Oct12,4118,2.585
16Oct12,4119,2.583
17Oct12,4120,2.582
18Oct12,4121,2.579
19Oct12,4122,2.58
22Oct12,4123,2.578
23Oct12,4124,2.58
24Oct12,4125,2.582
25Oct12,4126,2.586
26Oct12,4127,2.599
29Oct12,4128,2.602
30Oct12,4129,2.598
31Oct12,4130,2.592
01Nov12,4131,2.6
02Nov12,4132,2.6
05Nov12,4133,2.604
06Nov12,4134,2.608
07Nov12,4135,2.604
08Nov12,4136,2.606
09Nov12,4137,2.612
12Nov12,4138,2.613
13Nov12,4139,2.616
14Nov12,4140,2.606
15Nov12,4141,2.603
16Nov12,4142,2.607
19Nov12,4143,2.6
20Nov12,4144,2.598
21Nov12,4145,2.597
22Nov12,4146,2.591
23Nov12,4147,2.59
26Nov12,4148,2.589
27Nov12,4149,2.588
28Nov12,4150,2.589
29Nov12,4151,2.583
30Nov12,4152,2.579
03Dic12,4153,2.579
04Dic12,4154,2.58
05Dic12,4155,2.581
06Dic12,4156,2.579
07Dic12,4157,2.575
10Dic12,4158,2.575
11Dic12,4159,2.573
12Dic12,4160,2.57
13Dic12,4161,2.565
14Dic12,4162,2.564
17Dic12,4163,2.562
18Dic12,4164,2.563
19Dic12,4165,2.564
20Dic12,4166,2.563
21Dic12,4167,2.564
24Dic12,4168,2.6
25Dic12,4169,2.6
26Dic12,4170,2.557
27Dic12,4171,2.551
28Dic12,4172,2.551
31Dic12,4173,2.6
01Ene13,4174,2.6
02Ene13,4175,2.549
03Ene13,4176,2.551
04Ene13,4177,2.547
07Ene13,4178,2.547
08Ene13,4179,2.547
09Ene13,4180,2.549
10Ene13,4181,2.551
11Ene13,4182,2.55
14Ene13,4183,2.541
15Ene13,4184,2.541
16Ene13,4185,2.545
17Ene13,4186,2.548
18Ene13,4187,2.554
21Ene13,4188,2.552
22Ene13,4189,2.555
23Ene13,4190,2.553
24Ene13,4191,2.555
25Ene13,4192,2.557
28Ene13,4193,2.56
29Ene13,4194,2.563
30Ene13,4195,2.56
31Ene13,4196,2.578
01Feb13,4197,2.572
04Feb13,4198,2.577
05Feb13,4199,2.577
06Feb13,4200,2.577
07Feb13,4201,2.579
08Feb13,4202,2.579
11Feb13,4203,2.6
12Feb13,4204,2.579
13Feb13,4205,2.572
14Feb13,4206,2.567
15Feb13,4207,2.57
18Feb13,4208,2.574
19Feb13,4209,2.583
20Feb13,4210,2.583
21Feb13,4211,2.586
22Feb13,4212,2.583
25Feb13,4213,2.583
26Feb13,4214,2.583
27Feb13,4215,2.581
28Feb13,4216,2.587
01Mar13,4217,2.593
04Mar13,4218,2.598
05Mar13,4219,2.594
06Mar13,4220,2.597
07Mar13,4221,2.604
08Mar13,4222,2.603
11Mar13,4223,2.599
12Mar13,4224,2.591
13Mar13,4225,2.593
14Mar13,4226,2.594
15Mar13,4227,2.593
18Mar13,4228,2.599
19Mar13,4229,2.596
20Mar13,4230,2.594
21Mar13,4231,2.594
22Mar13,4232,2.591
25Mar13,4233,2.588
26Mar13,4234,2.586
27Mar13,4235,2.589
28Mar13,4236,2.6
29Mar13,4237,2.6
01Abr13,4238,2.59
02Abr13,4239,2.588
03Abr13,4240,2.587
04Abr13,4241,2.586
05Abr13,4242,2.584
08Abr13,4243,2.578
09Abr13,4244,2.577
10Abr13,4245,2.577
11Abr13,4246,2.58
12Abr13,4247,2.585
15Abr13,4248,2.591
16Abr13,4249,2.59
17Abr13,4250,2.591
18Abr13,4251,2.592
19Abr13,4252,2.593
22Abr13,4253,2.596
23Abr13,4254,2.605
24Abr13,4255,2.624
25Abr13,4256,2.624
26Abr13,4257,2.627
29Abr13,4258,2.646
30Abr13,4259,2.646
01May13,4260,2.6
02May13,4261,2.648
03May13,4262,2.63
06May13,4263,2.622
07May13,4264,2.613
08May13,4265,2.616
09May13,4266,2.609
10May13,4267,2.605
13May13,4268,2.602
14May13,4269,2.6
15May13,4270,2.616
16May13,4271,2.629
17May13,4272,2.645
20May13,4273,2.644
21May13,4274,2.646
22May13,4275,2.648
23May13,4276,2.666
24May13,4277,2.676
27May13,4278,2.676
28May13,4279,2.676
29May13,4280,2.686
30May13,4281,2.718
31May13,4282,2.734
03Jun13,4283,2.724
04Jun13,4284,2.711
05Jun13,4285,2.713
06Jun13,4286,2.73
07Jun13,4287,2.727
10Jun13,4288,2.746
11Jun13,4289,2.755
12Jun13,4290,2.748
13Jun13,4291,2.726
14Jun13,4292,2.723
17Jun13,4293,2.735
18Jun13,4294,2.745
19Jun13,4295,2.742
20Jun13,4296,2.775
21Jun13,4297,2.785
24Jun13,4298,2.786
25Jun13,4299,2.784
26Jun13,4300,2.782
27Jun13,4301,2.783
28Jun13,4302,2.6
01Jul13,4303,2.782
02Jul13,4304,2.789
03Jul13,4305,2.787
04Jul13,4306,2.784
05Jul13,4307,2.792
08Jul13,4308,2.782
09Jul13,4309,2.772
10Jul13,4310,2.783
11Jul13,4311,2.777
12Jul13,4312,2.771
15Jul13,4313,2.767
16Jul13,4314,2.762
17Jul13,4315,2.756
18Jul13,4316,2.767
19Jul13,4317,2.769
22Jul13,4318,2.771
23Jul13,4319,2.78
24Jul13,4320,2.784
25Jul13,4321,2.786
26Jul13,4322,2.786
29Jul13,4323,2.6
30Jul13,4324,2.6
31Jul13,4325,2.794
01Ago13,4326,2.797
02Ago13,4327,2.79
05Ago13,4328,2.792
06Ago13,4329,2.796
07Ago13,4330,2.8
08Ago13,4331,2.793
09Ago13,4332,2.792
12Ago13,4333,2.796
13Ago13,4334,2.798
14Ago13,4335,2.798
15Ago13,4336,2.799
16Ago13,4337,2.799
19Ago13,4338,2.8
20Ago13,4339,2.816
21Ago13,4340,2.82
22Ago13,4341,2.81
23Ago13,4342,2.812
26Ago13,4343,2.813
27Ago13,4344,2.813
28Ago13,4345,2.81
29Ago13,4346,2.808
30Ago13,4347,2.6
02Set13,4348,2.808
03Set13,4349,2.81
04Set13,4350,2.808
05Set13,4351,2.81
06Set13,4352,2.806
09Set13,4353,2.799
10Set13,4354,2.797
11Set13,4355,2.789
12Set13,4356,2.774
13Set13,4357,2.777
16Set13,4358,2.764
17Set13,4359,2.771
18Set13,4360,2.775
19Set13,4361,2.75
20Set13,4362,2.742
23Set13,4363,2.747
24Set13,4364,2.757
25Set13,4365,2.764
26Set13,4366,2.766
27Set13,4367,2.779
30Set13,4368,2.782
01Oct13,4369,2.782
02Oct13,4370,2.781
03Oct13,4371,2.778
04Oct13,4372,2.779
07Oct13,4373,2.6
08Oct13,4374,2.6
09Oct13,4375,2.788
10Oct13,4376,2.786
11Oct13,4377,2.774
14Oct13,4378,2.772
15Oct13,4379,2.77
16Oct13,4380,2.764
17Oct13,4381,2.756
18Oct13,4382,2.766
21Oct13,4383,2.776
22Oct13,4384,2.767
23Oct13,4385,2.765
24Oct13,4386,2.763
25Oct13,4387,2.759
28Oct13,4388,2.761
29Oct13,4389,2.758
30Oct13,4390,2.758
31Oct13,4391,2.77
01Nov13,4392,2.6
04Nov13,4393,2.778
05Nov13,4394,2.789
06Nov13,4395,2.79
07Nov13,4396,2.794
08Nov13,4397,2.802
11Nov13,4398,2.802
12Nov13,4399,2.8
13Nov13,4400,2.8
14Nov13,4401,2.8
15Nov13,4402,2.8
18Nov13,4403,2.801
19Nov13,4404,2.802
20Nov13,4405,2.802
21Nov13,4406,2.803
22Nov13,4407,2.804
25Nov13,4408,2.804
26Nov13,4409,2.805
27Nov13,4410,2.802
28Nov13,4411,2.803
29Nov13,4412,2.802
02Dic13,4413,2.803
03Dic13,4414,2.805
04Dic13,4415,2.805
05Dic13,4416,2.802
06Dic13,4417,2.8
09Dic13,4418,2.793
10Dic13,4419,2.792
11Dic13,4420,2.793
12Dic13,4421,2.786
13Dic13,4422,2.769
16Dic13,4423,2.764
17Dic13,4424,2.765
18Dic13,4425,2.782
19Dic13,4426,2.782
20Dic13,4427,2.773
23Dic13,4428,2.766
24Dic13,4429,2.774
25Dic13,4430,2.6
26Dic13,4431,2.786
27Dic13,4432,2.786
30Dic13,4433,2.796
31Dic13,4434,2.6
01Ene14,4435,2.6
02Ene14,4436,2.804
03Ene14,4437,2.807
06Ene14,4438,2.808
07Ene14,4439,2.802
08Ene14,4440,2.804
09Ene14,4441,2.803
10Ene14,4442,2.799
13Ene14,4443,2.799
14Ene14,4444,2.801
15Ene14,4445,2.805
16Ene14,4446,2.809
17Ene14,4447,2.807
20Ene14,4448,2.81
21Ene14,4449,2.809
22Ene14,4450,2.808
23Ene14,4451,2.81
24Ene14,4452,2.82
27Ene14,4453,2.822
28Ene14,4454,2.823
29Ene14,4455,2.824
30Ene14,4456,2.819
31Ene14,4457,2.822
03Feb14,4458,2.825
04Feb14,4459,2.824
05Feb14,4460,2.825
06Feb14,4461,2.822
07Feb14,4462,2.822
10Feb14,4463,2.819
11Feb14,4464,2.817
12Feb14,4465,2.816
13Feb14,4466,2.817
14Feb14,4467,2.815
17Feb14,4468,2.803
18Feb14,4469,2.807
19Feb14,4470,2.809
20Feb14,4471,2.809
21Feb14,4472,2.808
24Feb14,4473,2.808
25Feb14,4474,2.808
26Feb14,4475,2.81
27Feb14,4476,2.804
28Feb14,4477,2.801
03Mar14,4478,2.804
04Mar14,4479,2.801
05Mar14,4480,2.798
06Mar14,4481,2.799
07Mar14,4482,2.803
10Mar14,4483,2.805
11Mar14,4484,2.802
12Mar14,4485,2.807
13Mar14,4486,2.807
14Mar14,4487,2.803
17Mar14,4488,2.807
18Mar14,4489,2.809
19Mar14,4490,2.814
20Mar14,4491,2.813
21Mar14,4492,2.812
24Mar14,4493,2.81
25Mar14,4494,2.812
26Mar14,4495,2.812
27Mar14,4496,2.811
28Mar14,4497,2.811
31Mar14,4498,2.809
01Abr14,4499,2.807
02Abr14,4500,2.808
03Abr14,4501,2.811
04Abr14,4502,2.81
07Abr14,4503,2.804
08Abr14,4504,2.791
09Abr14,4505,2.796
10Abr14,4506,2.789
11Abr14,4507,2.786
14Abr14,4508,2.776
15Abr14,4509,2.774
16Abr14,4510,2.781
17Abr14,4511,2.6
18Abr14,4512,2.6
21Abr14,4513,2.777
22Abr14,4514,2.783
23Abr14,4515,2.793
24Abr14,4516,2.791
25Abr14,4517,2.803
28Abr14,4518,2.808
29Abr14,4519,2.808
30Abr14,4520,2.809
01May14,4521,2.6
02May14,4522,2.805
05May14,4523,2.806
06May14,4524,2.803
07May14,4525,2.8
08May14,4526,2.788
09May14,4527,2.787
12May14,4528,2.786
13May14,4529,2.786
14May14,4530,2.785
15May14,4531,2.787
16May14,4532,2.786
19May14,4533,2.788
20May14,4534,2.791
21May14,4535,2.79
22May14,4536,2.789
23May14,4537,2.787
26May14,4538,2.789
27May14,4539,2.786
28May14,4540,2.776
29May14,4541,2.761
30May14,4542,2.767
02Jun14,4543,2.774
03Jun14,4544,2.779
04Jun14,4545,2.786
05Jun14,4546,2.786
06Jun14,4547,2.784
09Jun14,4548,2.788
10Jun14,4549,2.789
11Jun14,4550,2.797
12Jun14,4551,2.797
13Jun14,4552,2.793
16Jun14,4553,2.795
17Jun14,4554,2.803
18Jun14,4555,2.803
19Jun14,4556,2.8
20Jun14,4557,2.808
23Jun14,4558,2.805
24Jun14,4559,2.804
25Jun14,4560,2.804
26Jun14,4561,2.806
27Jun14,4562,2.801
30Jun14,4563,2.796
01Jul14,4564,2.797
02Jul14,4565,2.795
03Jul14,4566,2.785
04Jul14,4567,2.779
07Jul14,4568,2.773
08Jul14,4569,2.782
09Jul14,4570,2.785
10Jul14,4571,2.781
11Jul14,4572,2.784
14Jul14,4573,2.786
15Jul14,4574,2.784
16Jul14,4575,2.784
17Jul14,4576,2.793
18Jul14,4577,2.79
21Jul14,4578,2.794
22Jul14,4579,2.788
23Jul14,4580,2.789
24Jul14,4581,2.785
25Jul14,4582,2.787
28Jul14,4583,2.6
29Jul14,4584,2.6
30Jul14,4585,2.79
31Jul14,4586,2.797
01Ago14,4587,2.797
04Ago14,4588,2.803
05Ago14,4589,2.813
06Ago14,4590,2.812
07Ago14,4591,2.81
08Ago14,4592,2.803
11Ago14,4593,2.79
12Ago14,4594,2.79
13Ago14,4595,2.794
14Ago14,4596,2.795
15Ago14,4597,2.798
18Ago14,4598,2.818
19Ago14,4599,2.82
20Ago14,4600,2.827
21Ago14,4601,2.825
22Ago14,4602,2.828
25Ago14,4603,2.834
26Ago14,4604,2.834
27Ago14,4605,2.841
28Ago14,4606,2.847
29Ago14,4607,2.845
01Set14,4608,2.85
02Set14,4609,2.853
03Set14,4610,2.851
04Set14,4611,2.855
05Set14,4612,2.849
08Set14,4613,2.85
09Set14,4614,2.857
10Set14,4615,2.856
11Set14,4616,2.856
12Set14,4617,2.86
15Set14,4618,2.861
16Set14,4619,2.859
17Set14,4620,2.859
18Set14,4621,2.863
19Set14,4622,2.865
22Set14,4623,2.871
23Set14,4624,2.875
24Set14,4625,2.877
25Set14,4626,2.879
26Set14,4627,2.896
29Set14,4628,2.895
30Set14,4629,2.892
01Oct14,4630,2.892
02Oct14,4631,2.896
03Oct14,4632,2.905
06Oct14,4633,2.903
07Oct14,4634,2.905
08Oct14,4635,2.6
09Oct14,4636,2.907
10Oct14,4637,2.906
13Oct14,4638,2.904
14Oct14,4639,2.905
15Oct14,4640,2.908
16Oct14,4641,2.907
17Oct14,4642,2.903
20Oct14,4643,2.904
21Oct14,4644,2.902
22Oct14,4645,2.906
23Oct14,4646,2.909
24Oct14,4647,2.91
27Oct14,4648,2.915
28Oct14,4649,2.916
29Oct14,4650,2.915
30Oct14,4651,2.918
31Oct14,4652,2.923
03Nov14,4653,2.925
04Nov14,4654,2.928
05Nov14,4655,2.93
06Nov14,4656,2.932
07Nov14,4657,2.928
10Nov14,4658,2.93
11Nov14,4659,2.931
12Nov14,4660,2.935
13Nov14,4661,2.935
14Nov14,4662,2.935
17Nov14,4663,2.933
18Nov14,4664,2.93
19Nov14,4665,2.93
20Nov14,4666,2.924
21Nov14,4667,2.918
24Nov14,4668,2.918
25Nov14,4669,2.917
26Nov14,4670,2.914
27Nov14,4671,2.913
28Nov14,4672,2.92
01Dic14,4673,2.929
02Dic14,4674,2.939
03Dic14,4675,2.942
04Dic14,4676,2.947
05Dic14,4677,2.952
08Dic14,4678,2.6
09Dic14,4679,2.962
10Dic14,4680,2.961
11Dic14,4681,2.969
12Dic14,4682,2.965
15Dic14,4683,2.964
16Dic14,4684,2.969
17Dic14,4685,2.961
18Dic14,4686,2.944
19Dic14,4687,2.95
22Dic14,4688,2.974
23Dic14,4689,2.976
24Dic14,4690,2.979
25Dic14,4691,2.6
26Dic14,4692,2.976
29Dic14,4693,2.988
30Dic14,4694,2.99
31Dic14,4695,2.989
01Ene15,4696,2.6
02Ene15,4697,2.6
05Ene15,4698,2.992
06Ene15,4699,2.983
07Ene15,4700,2.987
08Ene15,4701,2.989
09Ene15,4702,2.986
12Ene15,4703,2.989
13Ene15,4704,2.985
14Ene15,4705,2.994
15Ene15,4706,2.997
16Ene15,4707,3.013
19Ene15,4708,3.012
20Ene15,4709,3.009
21Ene15,4710,3.011
22Ene15,4711,3.004
23Ene15,4712,3.012
26Ene15,4713,3.02
27Ene15,4714,3.024
28Ene15,4715,3.029
29Ene15,4716,3.045
30Ene15,4717,3.058
02Feb15,4718,3.06
03Feb15,4719,3.059
04Feb15,4720,3.062
05Feb15,4721,3.063
06Feb15,4722,3.068
09Feb15,4723,3.065
10Feb15,4724,3.076
11Feb15,4725,3.094
12Feb15,4726,3.082
13Feb15,4727,3.075
16Feb15,4728,3.085
17Feb15,4729,3.083
18Feb15,4730,3.086
19Feb15,4731,3.087
20Feb15,4732,3.089
23Feb15,4733,3.09
24Feb15,4734,3.095
25Feb15,4735,3.095
26Feb15,4736,3.094
27Feb15,4737,3.095
02Mar15,4738,3.097
03Mar15,4739,3.093
04Mar15,4740,3.094
05Mar15,4741,3.098
06Mar15,4742,3.101
09Mar15,4743,3.1
10Mar15,4744,3.1
11Mar15,4745,3.101
12Mar15,4746,3.099
13Mar15,4747,3.099
16Mar15,4748,3.099
17Mar15,4749,3.098
18Mar15,4750,3.1
19Mar15,4751,3.096
20Mar15,4752,3.091
23Mar15,4753,3.08
24Mar15,4754,3.075
25Mar15,4755,3.066
26Mar15,4756,3.077
27Mar15,4757,3.091
30Mar15,4758,3.096
31Mar15,4759,3.097
01Abr15,4760,3.095
02Abr15,4761,2.6
03Abr15,4762,2.6
06Abr15,4763,3.093
07Abr15,4764,3.099
08Abr15,4765,3.104
09Abr15,4766,3.113
10Abr15,4767,3.123
13Abr15,4768,3.125
14Abr15,4769,3.12
15Abr15,4770,3.125
16Abr15,4771,3.125
17Abr15,4772,3.127
20Abr15,4773,3.132
21Abr15,4774,3.132
22Abr15,4775,3.134
23Abr15,4776,3.134
24Abr15,4777,3.136
27Abr15,4778,3.135
28Abr15,4779,3.128
29Abr15,4780,3.122
30Abr15,4781,3.127
01May15,4782,2.6
04May15,4783,3.138
05May15,4784,3.148
06May15,4785,3.145
07May15,4786,3.153
08May15,4787,3.15
11May15,4788,3.154
12May15,4789,3.153
13May15,4790,3.153
14May15,4791,3.151
15May15,4792,3.148
18May15,4793,3.151
19May15,4794,3.155
20May15,4795,3.158
21May15,4796,3.151
22May15,4797,3.148
25May15,4798,3.151
26May15,4799,3.155
27May15,4800,3.156
28May15,4801,3.158
29May15,4802,3.158
01Jun15,4803,3.158
02Jun15,4804,3.157
03Jun15,4805,3.154
04Jun15,4806,3.149
05Jun15,4807,3.153
08Jun15,4808,3.154
09Jun15,4809,3.153
10Jun15,4810,3.154
11Jun15,4811,3.155
12Jun15,4812,3.156
15Jun15,4813,3.158
16Jun15,4814,3.162
17Jun15,4815,3.165
18Jun15,4816,3.163
19Jun15,4817,3.167
22Jun15,4818,3.174
23Jun15,4819,3.18
24Jun15,4820,3.177
25Jun15,4821,3.17
26Jun15,4822,3.173
29Jun15,4823,2.6
30Jun15,4824,3.179
01Jul15,4825,3.179
02Jul15,4826,3.175
03Jul15,4827,3.174
06Jul15,4828,3.178
07Jul15,4829,3.182
08Jul15,4830,3.187
09Jul15,4831,3.182
10Jul15,4832,3.179
13Jul15,4833,3.178
14Jul15,4834,3.179
15Jul15,4835,3.182
16Jul15,4836,3.179
17Jul15,4837,3.182
20Jul15,4838,3.186
21Jul15,4839,3.182
22Jul15,4840,3.187
23Jul15,4841,3.191
24Jul15,4842,3.191
27Jul15,4843,2.6
28Jul15,4844,2.6
29Jul15,4845,2.6
30Jul15,4846,3.193
31Jul15,4847,3.192
03Ago15,4848,3.193
04Ago15,4849,3.194
05Ago15,4850,3.202
06Ago15,4851,3.205
07Ago15,4852,3.203
10Ago15,4853,3.201
11Ago15,4854,3.216
12Ago15,4855,3.229
13Ago15,4856,3.233
14Ago15,4857,3.239
17Ago15,4858,3.245
18Ago15,4859,3.249
19Ago15,4860,3.254
20Ago15,4861,3.265
21Ago15,4862,3.274
24Ago15,4863,3.279
25Ago15,4864,3.281
26Ago15,4865,3.305
27Ago15,4866,3.281
28Ago15,4867,3.255
31Ago15,4868,3.237
01Set15,4869,3.247
02Set15,4870,3.255
03Set15,4871,3.231
04Set15,4872,3.215
07Set15,4873,3.227
08Set15,4874,3.226
09Set15,4875,3.221
10Set15,4876,3.221
11Set15,4877,3.214
14Set15,4878,3.208
15Set15,4879,3.21
16Set15,4880,3.208
17Set15,4881,3.197
18Set15,4882,3.195
21Set15,4883,3.195
22Set15,4884,3.212
23Set15,4885,3.224
24Set15,4886,3.227
25Set15,4887,3.222
28Set15,4888,3.234
29Set15,4889,3.239
30Set15,4890,3.223
01Oct15,4891,3.231
02Oct15,4892,3.227
05Oct15,4893,3.218
06Oct15,4894,3.223
07Oct15,4895,3.221
08Oct15,4896,2.6
09Oct15,4897,2.6
12Oct15,4898,3.229
13Oct15,4899,3.236
14Oct15,4900,3.242
15Oct15,4901,3.236
16Oct15,4902,3.242
19Oct15,4903,3.253
20Oct15,4904,3.258
21Oct15,4905,3.262
22Oct15,4906,3.257
23Oct15,4907,3.267
26Oct15,4908,3.27
27Oct15,4909,3.28
28Oct15,4910,3.279
29Oct15,4911,3.288
30Oct15,4912,3.287
02Nov15,4913,3.287
03Nov15,4914,3.287
04Nov15,4915,3.29
05Nov15,4916,3.302
06Nov15,4917,3.315
09Nov15,4918,3.31
10Nov15,4919,3.314
11Nov15,4920,3.316
12Nov15,4921,3.323
13Nov15,4922,3.332
16Nov15,4923,3.343
17Nov15,4924,3.346
18Nov15,4925,3.357
19Nov15,4926,3.356
20Nov15,4927,3.36
23Nov15,4928,3.376
24Nov15,4929,3.377
25Nov15,4930,3.385
26Nov15,4931,3.379
27Nov15,4932,3.378
30Nov15,4933,3.376
01Dic15,4934,3.377
02Dic15,4935,3.373
03Dic15,4936,3.369
04Dic15,4937,3.372
07Dic15,4938,3.377
08Dic15,4939,2.6
09Dic15,4940,3.375
10Dic15,4941,3.376
11Dic15,4942,3.379
14Dic15,4943,3.382
15Dic15,4944,3.377
16Dic15,4945,3.372
17Dic15,4946,3.376
18Dic15,4947,3.379
21Dic15,4948,3.383
22Dic15,4949,3.391
23Dic15,4950,3.398
24Dic15,4951,3.398
25Dic15,4952,2.6
28Dic15,4953,3.402
29Dic15,4954,3.408
30Dic15,4955,3.41
31Dic15,4956,3.413
01Ene16,4957,2.6
04Ene16,4958,3.43
05Ene16,4959,3.417
06Ene16,4960,3.417
07Ene16,4961,3.423
08Ene16,4962,3.428
11Ene16,4963,3.428
12Ene16,4964,3.426
13Ene16,4965,3.421
14Ene16,4966,3.425
15Ene16,4967,3.43
18Ene16,4968,3.431
19Ene16,4969,3.433
20Ene16,4970,3.442
21Ene16,4971,3.446
22Ene16,4972,3.447
25Ene16,4973,3.458
26Ene16,4974,3.469
27Ene16,4975,3.466
28Ene16,4976,3.469
29Ene16,4977,3.471
01Feb16,4978,3.485
02Feb16,4979,3.489
03Feb16,4980,3.494
04Feb16,4981,3.478
05Feb16,4982,3.482
08Feb16,4983,3.492
09Feb16,4984,3.5
10Feb16,4985,3.507
11Feb16,4986,3.513
12Feb16,4987,3.509
15Feb16,4988,3.505
16Feb16,4989,3.508
17Feb16,4990,3.506
18Feb16,4991,3.505
19Feb16,4992,3.514
22Feb16,4993,3.521
23Feb16,4994,3.527
24Feb16,4995,3.538
25Feb16,4996,3.533
26Feb16,4997,3.525
29Feb16,4998,3.527
01Mar16,4999,3.522
02Mar16,5000,3.512
03Mar16,5001,3.47
04Mar16,5002,3.446
07Mar16,5003,3.465
08Mar16,5004,3.471
09Mar16,5005,3.441
10Mar16,5006,3.436
11Mar16,5007,3.389
14Mar16,5008,3.363
15Mar16,5009,3.348
16Mar16,5010,3.375
17Mar16,5011,3.347
18Mar16,5012,3.374
21Mar16,5013,3.393
22Mar16,5014,3.415
23Mar16,5015,3.403
24Mar16,5016,2.6
25Mar16,5017,2.6
28Mar16,5018,3.361
29Mar16,5019,3.384
30Mar16,5020,3.363
31Mar16,5021,3.328
01Abr16,5022,3.344
04Abr16,5023,3.352
05Abr16,5024,3.36
06Abr16,5025,3.376
07Abr16,5026,3.403
08Abr16,5027,3.392
11Abr16,5028,3.326
12Abr16,5029,3.277
13Abr16,5030,3.271
14Abr16,5031,3.275
15Abr16,5032,3.276
18Abr16,5033,3.278
19Abr16,5034,3.254
20Abr16,5035,3.25
21Abr16,5036,3.256
22Abr16,5037,3.272
25Abr16,5038,3.279
26Abr16,5039,3.285
27Abr16,5040,3.29
28Abr16,5041,3.28
29Abr16,5042,3.274
02May16,5043,3.292
